id,followers,genres,name,popularity
1uNFoZAHBGtllmzznpCI3s,44606973.0,canadian pop pop postteen pop,Justin Bieber,100
3TVXtAsR1Inumwj472S9r4,54416812.0,canadian hip hop canadian pop hip hop pop rap rap toronto rap,Drake,98
06HL4z0CvFAxyc27GXpf02,38869193.0,pop postteen pop,Taylor Swift,98
4q3ewBCX7sLwd24euuV69X,32244734.0,latin reggaeton trap latino,Bad Bunny,98
3Nrfpe0tUJi4K4DXYWgMUX,31623813.0,kpop kpop boy group,BTS,96
1Xyo4u8uXC1ZmMpatF05PJ,31308207.0,canadian contemporary rb canadian pop pop,The Weeknd,96
4MCBfE4596Uoi2O4DtmEMz,16996777.0,chicago rap melodic rap,Juice WRLD,96
66CXWjxzNUsdJxJ2JdwvnR,61301006.0,pop postteen pop,Ariana Grande,95
1vyhD5VmyZ7KMfW5gqLgo5,27286822.0,latin reggaeton reggaeton colombiano trap latino,J Balvin,95
6M2wZ9GZgrQXHCFfjv46we,24123468.0,dance pop pop uk pop,Dua Lipa,95
7iK8PXO48WeuP03g8YR51W,5001808.0,trap latino,Myke Towers,95
7dGJo4pcD2V6oG8kP0tJRR,43747833.0,detroit hip hop hip hop rap,Eminem,94
0Y5tJX1MQlPlqiwlOH1tJY,16118616.0,rap slap house,Travis Scott,94
246dkjvS1zLTtiykXe5h60,32167665.0,dfw rap melodic rap rap,Post Malone,93
0du5cEVh5yTK9QJze8zA0C,29899101.0,dance pop pop postteen pop,Bruno Mars,93
1i8SpTcr7yvPOmcqrbnVXY,27772492.0,latin puerto rican pop reggaeton trap latino,Ozuna,93
5f7VJjfbwm532GiveGC0ZK,6789005.0,atl hip hop atl trap rap trap,Lil Baby,93
4r63FhuTkUYltbVAg5TQnk,6485079.0,north carolina hip hop rap,DaBaby,93
1mcTU81TzQhprhouKaTkpq,4438013.0,puerto rican pop trap latino,Rauw Alejandro,93
6eUKZXaKkcviH0Ku9w2n3V,78900234.0,pop uk pop,Ed Sheeran,92
5pKCCKE2ajJHZ9KAiaK11H,42244011.0,barbadian pop dance pop pop postteen pop urban contemporary,Rihanna,92
6qqNVTkY8uBg9cP3Jd7DAH,41792604.0,electropop pop,Billie Eilish,92
15UsOTVnJzReFVN1VCnxy4,26747778.0,emo rap miami hip hop,XXXTENTACION,92
2R21vXR83lH98kGeO99Y66,17083706.0,latin reggaeton reggaeton flow trap boricua trap latino,Anuel AA,92
6LuN9FCkKOj5PcnpouEgny,13728298.0,alternative rb pop,Khalid,92
5K4W6rqBFWDnAN6FQUkS6x,13713751.0,chicago rap rap,Kanye West,92
0eDvMgVFoNV3TpwtrVCoTj,5076597.0,brooklyn drill,Pop Smoke,92
04gDigrS5kc9YWfZHwBETP,30291109.0,pop pop rock,Maroon 5,91
1r4hJ1h58CWwUQe3MxPuau,25073031.0,latin reggaeton reggaeton colombiano,Maluma,91
4VMYDCV2IEDYJArk749S6m,22831280.0,latin latin hip hop reggaeton trap latino tropical,Daddy Yankee,91
4O15NlyKLIASxsJ0PrXPfz,11209483.0,melodic rap philly rap rap trap,Lil Uzi Vert,91
1RyvyyTE3xzB2ZywiAwp0i,10099191.0,atl hip hop pop rap rap southern hip hop trap,Future,91
329e4yvIujISKGKz1BZZbO,9805704.0,latin latin hip hop reggaeton trap latino tropical,Farruko,91
5cj0lLjcoR7YOSnhnX0Po5,6208117.0,dance pop pop pop rap,Doja Cat,91
50co4Is1HCEo8bhOyUWKpn,6110874.0,atl hip hop atl trap gangster rap hip hop melodic rap pop rap rap trap,Young Thug,91
6AgTAQt8XS6jRWi4sX7w49,3657199.0,chicago rap,Polo G,91
6jGMq4yGs7aQzuGsMgVgZR,2889175.0,brooklyn drill melodic rap nyc rap,Lil Tjay,91
4fxd5Ee7UefO4CUXgwJ7IP,946550.0,pop rb,Giveon,91
1Cs0zKBU1kc0i8ypK3B9ai,22429621.0,big room dance pop edm pop pop dance,David Guetta,90
0hCNtLu0JehylgoiP8L4Gh,20977302.0,dance pop hip pop pop pop rap postteen pop queens hip hop,Nicki Minaj,90
4AK6F7OLvEQ5QYCBNiQWHq,20934285.0,boy band pop postteen pop talent show,One Direction,90
5WUlDfRSoLAfcVSX1WnrxN,19350197.0,australian dance australian pop dance pop pop,Sia,90
4kYSro6naA4h99UJvo89HB,15762250.0,pop pop rap postteen pop rap,Cardi B,90
6KImCVD70vtIoJWnq6nGn3,14086781.0,pop postteen pop,Harry Styles,90
7bXgB6jMjp9ATFy66eO08Z,13493933.0,dance pop pop pop rap rb rap,Chris Brown,90
55Aa2cqylxrFIXC767Z865,10309562.0,hip hop new orleans rap pop rap rap trap,Lil Wayne,90
28gNT5KBp7IjEOQoevXf9N,8342103.0,colombian pop reggaeton colombiano,Camilo,90
2hlmm7s2ICUX0LVIhVFlZQ,3071007.0,atl hip hop melodic rap rap trap,Gunna,90
0EFisYRi20PTADoJrifHrz,1917151.0,latin reggaeton trap latino,Jhay Cortez,90
2tIP7SsRs7vjIcLrU85W8J,1624015.0,australian hip hop,The Kid LAROI,90
3meJIgRw7YleJrmbpbJK6S,613060.0,hoerspiel,Die drei ???,90
53XhwfbYqKCa1cC15pYq2q,33665795.0,modern rock rock,Imagine Dragons,89
1dfeR4HaWDbWqFHLkxsg1d,33483326.0,classic rock glam rock rock,Queen,89
7n2wHs1TKAczGzO7Dd2rGr,32419313.0,canadian pop dance pop pop postteen pop viral pop,Shawn Mendes,89
4gzpq5DPGxSnKTe4SA8HAU,29753797.0,permanent wave pop,Coldplay,89
0C8ZW7ezQVs4URX5aX7Kqx,26692413.0,dance pop pop postteen pop,Selena Gomez,89
6S2OmqARrzebs0tKUEyXyp,19543911.0,dance pop pop postteen pop,Demi Lovato,89
2YZyLoL8N0Wb9xBt1NhZWg,17065065.0,conscious hip hop hip hop rap west coast rap,Kendrick Lamar,89
1HY2Jd0NmPuamShAr6KMms,17047864.0,dance pop pop postteen pop,Lady Gaga,89
790FomKkXshlbRYZFtlgla,15941533.0,latin reggaeton reggaeton colombiano trap latino,KAROL G,89
26VFTg2z8YR0cCuwLzESi2,14626427.0,dance pop electropop etherpop indie poptimism pop postteen pop,Halsey,89
00FQb4jTyendYWaN8pK0wa,12750166.0,art pop pop,Lana Del Rey,89
77ziqFxp5gaInVrF2lj4ht,7865082.0,latin panamanian pop reggaeton trap latino,Sech,89
7jVv8c5Fj3E9VhNjxT4snq,4562300.0,country rap lgbtq hip hop pop rap queer country,Lil Nas X,89
20wkVLutqVOYrc0kxFs7rA,2588034.0,canadian contemporary rb pop rb,Daniel Caesar,89
64KEffDW9EtZ1y2vBYgq8T,30244604.0,brostep edm pop pop dance progressive electro house,Marshmello,88
6vWDO969PvNqNYHIOW5v0m,27048881.0,dance pop pop postteen pop rb,Beyoncé,88
3WrFJ7ztbogyGnTHbHJFl2,19214899.0,beatlesque british invasion classic rock merseybeat psychedelic rock rock,The Beatles,88
2wY79sveU1sp5g7SokKOiI,16141960.0,dance pop pop postteen pop uk pop,Sam Smith,88
5YGY8feqx7naU7z4HrwZM6,14779387.0,dance pop pop postteen pop,Miley Cyrus,88
1SupJlEpv7RS2tPNRaHViT,14285097.0,latin latin hip hop reggaeton trap latino tropical,Nicky Jam,88
137W8MRPWKqSmrBGDBFSop,9907667.0,hip hop pittsburgh rap pop rap rap southern hip hop trap,Wiz Khalifa,88
07YZf4WDAMNwqr4jfgOZ8y,9223795.0,dance pop pop pop rap postteen pop,Jason Derulo,88
2kCcBybjl3SAtIcwdWpUe3,6754746.0,emo rap lgbtq hip hop,Lil Peep,88
3E6xrwgnVfYCrCs0ePERDz,6592838.0,latin latin hip hop reggaeton trap latino tropical,Wisin,88
757aE44tKEUQEqRuT6GnEB,5988689.0,melodic rap rap trap,Roddy Ricch,88
6fOMl44jA4Sp5b9PpYCkzz,5312500.0,hip hop pop rap rap,NF,88
7tYKF4w9nC0nq9CsPZTHyP,5082658.0,pop pop rap rb,SZA,88
181bsRPaVXVlUKXrxwZfHK,3963838.0,houston rap pop pop rap trap queen,Megan Thee Stallion,88
7c0XG5cIJTrrAgEC3ULPiq,3750804.0,pop pop rap rb southern hip hop trap trap soul,Ty Dolla $ign,88
6TIYQ3jFPwQSRmorSezPxX,3370875.0,ohio hip hop pop rap,Machine Gun Kelly,88
3hcs9uc56yIGFCSy9leWe7,2432427.0,chicago drill chicago rap drill hip hop rap southern hip hop trap,Lil Durk,88
1U1el3k54VvEUzo3ybLPlM,1698014.0,colombian pop pop,Kali Uchis,88
4oUHIQIBe0LHzYfvXNW4QM,1678738.0,contemporary country deep talent show,Morgan Wallen,88
1McMsnEElThX1knmY4oliG,1444702.0,pop postteen pop,Olivia Rodrigo,88
7CajNmpbOovFoOoasH2HaY,21562562.0,dance pop edm electro house house pop pop dance progressive house uk dance,Calvin Harris,87
0EmeFodog0BfCgMzAIvKQp,21454012.0,colombian pop dance pop latin latin pop pop,Shakira,87
41MozSoPIsD1dJM0CLPjZF,20950428.0,kpop kpop girl group,BLACKPINK,87
6XyY86QOPPrYVGvF9ch6wz,18611017.0,alternative metal nu metal postgrunge rap metal,Linkin Park,87
6jJ0s89eD6GaHleKKya26X,18021998.0,dance pop pop postteen pop,Katy Perry,87
6l3HvQ5sa6mXTsMTB19rO5,13067338.0,conscious hip hop hip hop north carolina hip hop rap,J. Cole,87
7Ln80lUS6He07XvHI8qqHH,11481777.0,garage rock modern rock permanent wave rock sheffield indie,Arctic Monkeys,87
1URnnhqYAYcrqrcwql10ft,9478827.0,atl hip hop rap trap,21 Savage,87
3nFkdlSjzX9mRTtwJOzDYB,6126502.0,east coast hip hop hip hop pop rap rap,JAY-Z,87
6Xgp2XMz1fhVYe7i6yNAax,6061334.0,melodic rap rap trap,Trippie Redd,87
4LLpKhyESsyAXpc4laK94U,5744628.0,hip hop pittsburgh rap rap,Mac Miller,87
2o5jDhtHVPhrJdv3cEQ99Z,5527032.0,big room brostep dance pop dutch edm edm house pop pop dance slap house trance tropical house,Tiësto,87
0fA0VVWsXO9YnASrzqfmYu,4746873.0,hip hop ohio hip hop rap,Kid Cudi,87
2cFrymmkijnjDg9SS92EPM,4084767.0,electropop pop pop rap,blackbear,87
14zUHaJZo1mnYtn6IBRaRP,2661910.0,latin reggaeton trap latino,Justin Quiles,87
5fMUXHkw8R8eOP2RNVYEZX,2376451.0,bmore dance pop edm moombahton ninja pop pop dance tropical house,Diplo,87
1pQWsZQehhS4wavwh7Fnxd,1196473.0,latin reggaeton reggaeton flow trap argentino trap latino,Lenny Tavárez,87
6ASri4ePR7RlsvIQgWPJpS,1102715.0,melodic rap pop rap,iann dior,87
6fWVd57NKTalqvmjRd2t8Z,975121.0,cali rap,24kGoldn,87
3YQKmKGau1PzlVlkL1iodx,20113453.0,modern rock rock,Twenty One Pilots,86
1KCSPY1glIKqW2TotWuXOR,10740388.0,dance pop pop postteen pop,P!nk,86
13ubrt8QOOCPljQ2FL1Kca,9024285.0,east coast hip hop hip hop rap trap,A$AP Rocky,86
0TnOYISbd1XYRBk9myaseg,8359480.0,dance pop latin miami hip hop pop pop rap,Pitbull,86
4IWBUUAFIplrNtaOHcJPRM,7893527.0,pop postteen pop talent show uk pop,James Arthur,86
4tZwfgrHOc3mvqYlEYSvVi,7650304.0,electro filter house,Daft Punk,86
2h93pZq0e7k5yf4dywlkpM,7566623.0,alternative rb hip hop lgbtq hip hop neo soul pop,Frank Ocean,86
4GNC7GD6oZMSxPGyXy4MNB,7544862.0,pop uk pop,Lewis Capaldi,86
23fqKkggKUBHNkbKtXEls4,7362032.0,edm pop pop dance tropical house,Kygo,86
7hJcb9fa4alzcOq3EaNPoG,6805667.0,g funk gangster rap hip hop pop rap rap west coast rap,Snoop Dogg,86
0XwVARXT135rw8lyw1EeWP,6691210.0,mariachi nuevo regional mexicano ranchera regional mexican,Christian Nodal,86
7wlFDEWiM5OoIAt8RSli8b,6679973.0,baton rouge rap trap,YoungBoy Never Broke Again,86
4SsVbpTthjScTS7U2hmr1X,6277479.0,latin latin hip hop reggaeton trap latino tropical,Arcangel,86
5LHRHt1k9lMyONurDHEdrp,6200496.0,dance pop hip hop pop rap rap southern hip hop trap,Tyga,86
77SW9BnxLY8rJ0RciFqkHh,5906677.0,modern alternative rock modern rock pop shimmer pop,The Neighbourhood,86
31W5EY0aAly4Qieq6OFu6I,5634088.0,melodic rap pop rap rap trap,A Boogie Wit da Hoodie,86
1yxSLGMDHlW21z4YXirZDS,5594057.0,dance pop pop pop rap,Black Eyed Peas,86
4npEfmQ6YuiwW1GpUmaq3F,3284229.0,dance pop pop,Ava Max,86
5Lv2GUVwqmQBPwrTrxucE5,3035256.0,forro piseiro,Os Barões Da Pisadinha,86
3jK9MiCrA42lLAdMGUZpwa,1822879.0,escape room,Anderson .Paak,86
7vk5e3vY1uw9plTHJAMwjN,28026432.0,electro house,Alan Walker,85
4dpARuHxo51G3z768sgnrY,26758344.0,british soul pop pop soul uk pop,Adele,85
4YRxDV8wJFPHPTeXepOstw,26249666.0,desi pop filmi modern bollywood,Arijit Singh,85
4nDoRrQiYLoBzwC5BhVJzF,21080479.0,dance pop electropop pop postteen pop,Camila Cabello,85
1vCWHaC5f2uS3yhpwWbIA6,19536186.0,dance pop edm pop pop dance,Avicii,85
711MCceyCBcFnzjGY4Q7Un,18680763.0,australian rock hard rock rock,AC/DC,85
3fMbdgg4jU18AjLCKBhRSm,18138825.0,pop rb soul,Michael Jackson,85
69GGBxA162lTqCwzJG5jLp,17734996.0,dance pop edm electropop pop pop dance tropical house,The Chainsmokers,85
2ye2Wgw4gimLv2eAKyk1NB,17497379.0,hard rock metal old school thrash rock thrash metal,Metallica,85
0L8ExT028jH3ddEcZwqJJ5,15797256.0,alternative rock funk metal funk rock permanent wave rock,Red Hot Chili Peppers,85
07YUOmWljBTXwIseAUd9TW,15150418.0,colombian pop latin latin pop reggaeton reggaeton colombiano trap latino,Sebastian Yatra,85
5lwmRuXgjX8xIwlnauTZIP,12566804.0,bachata latin tropical,Romeo Santos,85
0c173mlxpT3dSFRgMO8XPh,8362537.0,detroit hip hop hip hop pop rap rap southern hip hop trap,Big Sean,85
0tmwSHipWxN12fsoLcFU3B,7259276.0,colombian pop latin latin pop reggaeton reggaeton colombiano trap latino tropical,Manuel Turizo,85
3q7HBObVc0L8jNeTe5Gofh,7036668.0,east coast hip hop gangster rap hip hop pop rap queens hip hop rap,50 Cent,85
3PhoLpVuITZKcymswpck5b,6915079.0,glam rock mellow gold piano rock soft rock,Elton John,85
08GQAI4eElDnROBrJRGE0X,6343791.0,album rock classic rock mellow gold rock soft rock yacht rock,Fleetwood Mac,85
4V8LLVI7PbaPR0K2TGSxFF,6122508.0,hip hop rap,"Tyler, The Creator",85
1anyVhU62p31KFi8MEzkbf,5268258.0,chicago rap conscious hip hop hip hop pop rap rap,Chance the Rapper,85
0VRj0yCOv2FXJNP47XQnx5,4885577.0,atl hip hop hip hop melodic rap pop rap rap southern hip hop trap,Quavo,85
718COspgdWOnwOFpJHRZHS,4755356.0,contemporary country,Luke Combs,85
7ltDVBr6mKbRvohxheJ9h1,4667979.0,rb en espanol,ROSALÍA,85
3MZsBdqDrRTJihTHQrO6Dq,4370727.0,alternative rb viral pop,Joji,85
1VPmR4DJC1PlOtd0IADAO0,3138167.0,dark trap new orleans rap underground hip hop,$uicideboy$,85
4IVAbR2w4JJNJDDRFP3E83,2893671.0,alternative rb atl hip hop hip hop melodic rap rb rap trap,6LACK,85
4Gso3d4CscCijv0lmajZWs,1388639.0,rap trap,Don Toliver,85
2cPqdH7XMvwaBJEVjheH8g,1123869.0,reggaeton trap latino,Jay Wheeler,85
1uU7g3DNSbsu0QjSEqZtEd,177401.0,australian hip hop,Masked Wolf,85
5ZsFI1h6hIdQRw2ti0hz81,15390470.0,dance pop pop postteen pop uk pop,ZAYN,84
6olE6TJLqED3rqDCT0FyPh,12507294.0,alternative rock grunge permanent wave rock,Nirvana,84
7MiDcPa6UiV3In7lIM71IN,11880420.0,sertanejo sertanejo universitario,Gusttavo Lima,84
5Pwc4xIPtQLFEnJriah9YJ,11636620.0,dance pop neo mellow piano rock pop pop rock postteen pop,OneRepublic,84
2C6i0I5RiGzDKN9IAF8reh,11141948.0,banda corrido norteno regional mexican,Banda MS de Sergio Lizárraga,84
31TPClRtHm23RisEBtV3X7,10644302.0,dance pop pop,Justin Timberlake,84
0NGAZxHanS9e0iNHpR8f2W,9863521.0,electro house pop nacional slap house,Alok,84
3e7awlrlDSwF3iM0WBjGMp,8958639.0,dance pop girl group pop postteen pop talent show uk pop,Little Mix,84
26dSoYclwsYLMAKD3tpOr4,8877968.0,dance pop pop pop rap postteen pop,Britney Spears,84
23zg3TcAtWQy7J6upgbUnj,8618393.0,atl hip hop dance pop pop rb south carolina hip hop urban contemporary,Usher,84
5Rl15oVamLq7FbSb0NNBNy,7374968.0,boy band dance pop electropop pop postteen pop,5 Seconds of Summer,84
2nszmSgqreHSdJA3zWPyrW,6766040.0,bolero latin latin pop,Luis Miguel,84
64M6ah0SkkRsnPGtGiRAbb,6298454.0,alt z dance pop electropop pop pop rap postteen pop,Bebe Rexha,84
1sBkRIssrMs1AbVkOJbc7a,4748156.0,dirty south rap gangster rap hip hop pop rap rap southern hip hop trap,Rick Ross,84
699OTQXzgjhIYAHMy9RyPD,4576430.0,atl hip hop rap trap,Playboi Carti,84
1wZtkThiXbVNtj6hee6dz9,4358079.0,electro latino latin latin hip hop reggaeton trap latino tropical,Wisin & Yandel,84
5JZ7CnR6gTvEMKX4g70Amv,4154949.0,electropop pop postteen pop,Lauv,84
2jku7tDXc6XoB6MO2hFuqg,3615910.0,canadian hip hop hip hop melodic rap pop rap rb rap toronto rap trap,Tory Lanez,84
0KPX4Ucy9dk82uj4GpKesn,3338975.0,latin rb en espanol reggaeton trap latino,Dalex,84
0z4gvV4rjIZ9wHck67ucSV,2701496.0,dance pop,Akon,84
3t5xRXzsuZmMDkQzgOX35S,2699875.0,dance pop deep euro house deep house edm german dance pop pop dance tropical house,Robin Schulz,84
7rkW85dBwwrJtlHRDkJDAC,2458760.0,canadian hip hop melodic rap pop rap rap toronto rap trap,NAV,84
0iEtIxbK0KxaSlF7G42ZOp,2448692.0,hip hop pop rap rap southern hip hop trap,Metro Boomin,84
1TtXnWcUs0FCkaZDPGYHdf,1936647.0,latin latin hip hop reggaeton reggaeton flow trap latino,Darell,84
45TgXXqMDdF8BkjA83OM7z,1863718.0,florida rap,Rod Wave,84
5hdhHgpxyniooUiQVaPxQ0,1717618.0,latin reggaeton trap latino tropical,Nio Garcia,84
1zNqQNIdeOUZHb8zbZRFMX,1149461.0,melodic rap pop rap trap,Swae Lee,84
2LIk90788K0zvyj2JJVwkJ,832196.0,deep underground hip hop kentucky hip hop pop rap rap,Jack Harlow,84
0n6sKrG0xKAf8xmdqeNGke,12177.0,latin reggaeton reggaeton flow trap latino,Los Legendarios,84
3qm84nBOXUEQ2vnTfUTTFC,20214651.0,glam metal hard rock rock,Guns N' Roses,83
1yR65psqiazQpeM79CcGh8,19554042.0,sertanejo,Marília Mendonça,83
60d24wfXkVzDSfLS6hyCjZ,14588353.0,dance pop dutch edm edm electro house pop pop dance progressive house tropical house,Martin Garrix,83
0k17h0D3J5VfsdmQ1iZtE9,14343532.0,album rock art rock classic rock progressive rock psychedelic rock rock symphonic rock,Pink Floyd,83
1elUiq4X7pxej6FRlrEzjM,14295733.0,sertanejo sertanejo universitario,Jorge & Mateus,83
7oPftvlwr6VrsViSDV7fJY,12001735.0,permanent wave pop punk punk,Green Day,83
20JZFwl6HVl6yg8a4H3ZqK,10632209.0,baroque pop emo modern rock,Panic! At The Disco,83
1ZwdS5xdxEREPySFridCfh,10311655.0,g funk gangster rap hip hop rap west coast rap,2Pac,83
22bE4uQ6baNwSHPVcDxLCe,10060904.0,british invasion classic rock rock,The Rolling Stones,83
2QsynagSdAqZj3U9HgDzjD,9382373.0,reggae roots reggae,Bob Marley & The Wailers,83
0X2BH1fck6amBIoJhDVmmJ,9339948.0,dance pop edm electropop indietronica metropopolis pop postteen pop tropical house uk pop,Ellie Goulding,83
4UXqAaa6dQYAk18Lv7PEgX,8743699.0,emo modern rock pop punk,Fall Out Boy,83
7n2Ycct7Beij7Dj7meI4X0,8676701.0,kpop kpop girl group,TWICE,83
0jnsk9HBra6NMjO2oANoPY,8032745.0,dance pop miami hip hop pop pop rap,Flo Rida,83
1zNqDE7qDGCsyzJwohVaoX,7519267.0,dance pop pop pop dance postteen pop tropical house uk pop,Anne-Marie,83
540vIaP2JwjQb9dm3aArA4,7310355.0,dance pop edm electronic trap pop pop dance,DJ Snake,83
46SHBwWsqBkxI7EeeBEQG7,6912157.0,florida rap hip hop melodic rap miami hip hop rap southern hip hop trap,Kodak Black,83
17lzZA2AlOHwCwFALHttmp,6267865.0,atl hip hop gangster rap hip hop pop rap rap southern hip hop trap,2 Chainz,83
5me0Irg2ANcsgc93uaYrpb,6231783.0,east coast hip hop gangster rap hardcore hip hop hip hop rap,The Notorious B.I.G.,83
1GDbiv3spRmZ1XdM1jQbT7,5803207.0,latin latin pop rap latina reggaeton trap latino tropical,Natti Natasha,83
0vR2qb8m9WHeZ5ByCbimq2,5675082.0,latin latin arena pop latin pop mexican pop,Reik,83
5y2Xq6xcjJb2jVM54GHK3t,5610565.0,neo soul pop pop soul rb urban contemporary,John Legend,83
4xRYI6VqpkE3UwrDrAZL8L,5302006.0,conscious hip hop dmv rap hip hop pop rap rap,Logic,83
33ScadVnbm2X8kkUqOkC6Z,5261340.0,latin latin hip hop puerto rican pop reggaeton trap latino tropical,Don Omar,83
0hEurMDQu99nJRq8pTxO14,5013203.0,neo mellow pop pop rock singersongwriter,John Mayer,83
5INjqkS1o8h1imAzPqGZBb,4839789.0,australian psych neopsychedelic,Tame Impala,83
02kJSzxNuaWGqwubyUba0Z,4816750.0,hip hop indie pop rap oakland hip hop pop rap rap,G-Eazy,83
5ZS223C6JyBfXasXxrRqOk,4418323.0,alternative rb dance pop pop rb urban contemporary,Jhené Aiko,83
47MpMsUfWtgyIIBEFOr4FE,4287158.0,latin latin pop reggaeton reggaeton flow trap latino tropical,Lunay,83
3b8QkneNDz4JHKKKlLgYZg,4273292.0,contemporary country country country pop country road modern country rock,Florida Georgia Line,83
13y7CgLHjMVRMDqxdx0Xdo,3790572.0,atl hip hop dirty south rap gangster rap hip hop pop rap rap southern hip hop trap,Gucci Mane,83
5zctI4wO9XSKS8XwcnqEHk,3540941.0,melodic rap rap rap conscient trap vapor trap,Lil Mosey,83
3Isy6kedDrgPYoTS1dazA9,3411549.0,dance pop dancehall pop pop rap,Sean Paul,83
4Uc8Dsxct0oMqx0P6i60ea,3130403.0,alt z bedroom pop electropop indie pop pop postteen pop,Conan Gray,83
1HwM5zlC5qNWhJtM00yXzG,2693147.0,east coast hip hop gangster rap hardcore hip hop hip hop pop rap rap,DMX,83
716NhGYqD1jl2wI1Qkgq36,2270177.0,argentine hip hop pop venezolano trap argentino trap latino,Bizarrap,83
1dKdetem2xEmjgvyymzytS,2235143.0,corrido norteno nuevo regional mexicano regional mexican sierreno,Grupo Firme,83
4DdkRBBYG6Yk9Ka8tdJ9BW,2008309.0,atl hip hop hip hop pop rap rap southern hip hop trap,Offset,83
4yvcSjfu4PC0CYQyLy4wSq,1651869.0,gauze pop indietronica shiver pop,Glass Animals,83
45dkTj5sMRSjrmBSBeiHym,1375271.0,alt z electropop pop postteen pop,Tate McRae,83
2kXKa3aAFngGz2P4GjG5w2,1080136.0,pop urbaine rap marseille,SCH,83
2LmcxBak1alK1bf7d1beTr,694929.0,reggaeton reggaeton flow trap latino,Juhn,83
0xRXCcSX89eobfrshSVdyu,406658.0,dance pop edm pop dance pop house tropical house,MEDUZA,83
6MPCFvOQv5cIGfw3jODMF0,277005.0,pop rap rap trap,Internet Money,83
6DgP9otnZw5z6daOntINxp,174167.0,dance pop edm house pop dance tropical house uk dance,Joel Corry,83
0u6GtibW46tFX7koQ6uNJZ,135844.0,dance pop edm german dance pop dance pop edm tropical house,Topic,83
6VuMaDnrHyPL1p4EHjYLi7,12846333.0,dance pop pop postteen pop viral pop,Charlie Puth,82
6oMuImdp5ZcFhWP0ESe6mG,11350554.0,atl hip hop hip hop pop rap rap southern hip hop trap,Migos,82
7FNnA9vBm6EKceENgCGRMb,10444315.0,funk carioca funk pop pagode baiano pop nacional,Anitta,82
4obzFoKoKRHIphyHzJ35G3,10025272.0,dance pop latin latin pop latin viral pop pop rap latina reggaeton trap latino,Becky G,82
63yrD80RY3RNEM2YDpUpO8,9986903.0,alt z dance pop electropop pop,Melanie Martinez,82
1AL2GKpmRrKXkYIcASuRFa,9406176.0,forro,Wesley Safadão,82
1Xylc3o4UrD53lo9CvFvVg,8648195.0,dance pop edm electropop pop pop dance postteen pop scandipop swedish electropop swedish pop tropical house,Zara Larsson,82
3DiDSECUqqY1AuBP8qtaIa,8565325.0,hip pop neo soul pop rb urban contemporary,Alicia Keys,82
51Blml2LZPmy7TTiAg47vQ,8157894.0,irish rock permanent wave rock,U2,82
1Hsdzj7Dlq2I7tHP7501T4,7110203.0,dance pop pop postteen pop,Niall Horan,82
6icQOAFXDZKsumw3YXyusw,7091897.0,atl hip hop hip hop melodic rap rap southern hip hop trap underground hip hop viral rap,Lil Yachty,82
3AA28KZvwAUcZuOKwyblJQ,6813797.0,alternative hip hop,Gorillaz,82
0oSGxfWSnnOXhD2fKuz2Gy,6753696.0,art rock classic rock glam rock permanent wave rock,David Bowie,82
738wLrAtLtCtFOLvQBXOXp,6182686.0,dance pop edm electro house moombahton pop pop dance pop rap tropical house,Major Lazer,82
1l7ZsJRRS8wlW3WfJfPfNS,6040252.0,dance pop pop pop rap postteen pop,Christina Aguilera,82
21E3waRsmPlU7jZsS13rcj,6005768.0,dance pop pop pop rap rb urban contemporary,Ne-Yo,82
0QHgL1lAIqAw0HtD7YldmP,5948955.0,dance pop hip hop miami hip hop pop pop rap rap southern hip hop trap,DJ Khaled,82
1cNDP5yjU5vjeR8qMf4grg,5842366.0,melodic rap trap,YNW Melly,82
6DPYiyq5kWVQS4RGwxzPC7,5573285.0,g funk gangster rap hip hop rap west coast rap,Dr. Dre,82
6w9ToX5slZ4uIdmD17hJ3c,4796022.0,latin reggaeton reggaeton flow trap latino tropical,Bryant Myers,82
2FXC3k01G6Gw61bmprjgqS,4602616.0,irish singersongwriter modern rock pop,Hozier,82
6Te49r3A6f5BiIgBRxH7FH,4343883.0,french hip hop pop urbaine,Ninho,82
1gPhS1zisyXr5dHTYZyiMe,4100694.0,baton rouge rap rap southern hip hop trap,Kevin Gates,82
1z7b1Pr1rSlvWRzsW3HOrS,3963793.0,hawaiian hip hop pop rap rap,Russ,82
1bAftSH8umNcGZ0uyV7LMg,3960273.0,argentine hip hop trap argentino trap latino trap triste,Duki,82
3IW7ScrzXmPvZhB27hmfgy,3730702.0,francoton rap marseille,Jul,82
0ZED1XzwlLHW4ZaG4lOT6m,3721982.0,alt z dance pop electropop pop postteen pop,Julia Michaels,82
1Ffb6ejR6Fe5IamqA5oRUF,3699030.0,melodic metalcore metalcore rock uk metalcore,Bring Me The Horizon,82
4Ga1P7PMIsmqEZqhYZQgDo,3555694.0,melodic rap rap trap,Lil Tecca,82
2RdwBSPQiwcmiDo9kixcl8,3511514.0,pop rap,Pharrell Williams,82
360IAlyVv4PCEVjgyMZrxK,3367080.0,dance pop hip hop pop rb urban contemporary,Miguel,82
3aQeKQSyrW4qWr35idm0cy,3209591.0,dance pop hip hop pop pop rap rb rap southern hip hop urban contemporary,T-Pain,82
4m6ubhNsdwF4psNf3R8kwR,2862663.0,argentine hip hop trap argentino trap latino trap triste,KHEA,82
3l0CmX0FuQjFxr8SK7Vqag,2454178.0,bedroom pop pop,Clairo,82
2uFUBdaVGtyMqckSeCl0Qj,2230302.0,bow pop compositional ambient neoclassical,Ludovico Einaudi,82
6cEuCEZu7PAE9ZSzLLc2oQ,2173826.0,dance pop dutch house edm electro house pop pop dance progressive electro house slap house tropical house,R3HAB,82
6s22t5Y3prQHyaHWUN1R1C,1751157.0,modern rock,AJR,82
0e86yPdC41PGRkLp2Q1Bph,1670684.0,vancouver indie,Mother Mother,82
2oQX8QiMXOyuqbcZEFsZfm,1595647.0,dembow latin rap dominicano reggaeton trap latino tropical,El Alfa,82
2feDdbD5araYcm6JhFHHw7,1583615.0,indie poptimism pop postteen pop,Labrinth,82
3gIRvgZssIb9aiirIg0nI3,1558464.0,alt z electropop pop postteen pop,Jeremy Zucker,82
3tlXnStJ1fFhdScmQeLpuG,1521021.0,dmv rap pop rb rap,Brent Faiyaz,82
2UZIAOlrnyZmyzt1nuXr9y,1329289.0,argentine hip hop rb argentino trap argentino trap latino,Nicki Nicole,82
5TYxZTjIPqKM8K8NuP9woO,1262761.0,urbano espanol,C. Tangana,82
6cK3NBO6uP7hh0oyuVELFl,1091048.0,cali rap dance pop pop pop rap postteen pop rb trap queen,Saweetie,82
5KNNVgR6LBIABRIomyCwKJ,897961.0,folkpop irish pop pop,Dermot Kennedy,82
5CiGnKThu5ctn9pBxv7DGa,762806.0,electropop pop pop dance pop rap,benny blanco,82
3t2iKODSDyzoDJw7AsD99u,128057.0,hoerspiel,Bibi Blocksberg,82
37230BxxYs9ksS7OkZw3IU,128004.0,reggaeton flow trap latino,Chencho Corleone,82
5rGrDvrLOV2VV8SCFVGWlj,88668.0,edm electro house pop dance slap house tropical house,Imanbek,82
4rXABp4A7KjG9elWFNAbO4,34115.0,meditation,Miracle Tones,82
5Wg2b4Mp42gicxEeDNawf7,17667.0,scandipop,A7S,82
36QJpDe2go2KgaRleHCDTp,10548181.0,album rock classic rock hard rock rock,Led Zeppelin,81
58lV9VcRSjABbAbfWS6skp,9171614.0,glam metal hard rock rock,Bon Jovi,81
2wUjUUtkb5lvLKcGKsKqsR,8717631.0,alt z canadian contemporary rb canadian pop dance pop electropop pop postteen pop rb,Alessia Cara,81
7jy3rLJdDQY21OgRLCZ9sD,8658789.0,alternative metal alternative rock modern rock permanent wave postgrunge rock,Foo Fighters,81
73sIBHcqh3Z3NyqHKZ7FOL,7716080.0,atl hip hop hip hop pop rap rap,Childish Gambino,81
5eAWCfyUhZtHHtBdNk56l1,7115995.0,alternative metal nu metal rap metal,System Of A Down,81
4bw2Am3p9ji3mYsXNXtQcd,6858910.0,colombian pop latin latin pop reggaeton reggaeton colombiano trap latino,Piso 21,81
6FBDaR13swtiWwGhX1WQsP,6424396.0,pop punk punk socal pop punk,blink-182,81
6LqNN22kT3074XbTVUrhzX,6296840.0,dance pop electropop pop postteen pop,Kesha,81
4Z8W4fKeB5YxbusRsdQVPb,6049256.0,alternative rock art rock melancholia oxford indie permanent wave rock,Radiohead,81
0C0XlULifJtAgn6ZNCW2eu,5944237.0,dance rock modern rock permanent wave rock,The Killers,81
74XFHRwlV6OrjEM0A2NCMF,5921571.0,candy pop emo pixie pop emo pop punk,Paramore,81
0LcJLqbBmaGUft1e9Mm8HV,5558002.0,europop swedish pop,ABBA,81
2qxJFvFYMEDqd7ui6kSAcq,5426936.0,complextro dance pop edm electro house electropop german techno pop pop dance postteen pop tropical house,Zedd,81
4wLXwxDeWQ8mtUIRPxGiD6,5403982.0,latin latin pop modern salsa salsa tropical,Marc Anthony,81
21451j1KhjAiaYKflxBjr1,5258560.0,latin latin hip hop reggaeton reggaeton flow trap latino tropical,Zion & Lennox,81
20sxb77xiYeusSH8cVdatc,4968247.0,hip hop philly rap pop rap rap southern hip hop trap,Meek Mill,81
3KV3p5EY4AvKxOlhGHORLg,4956441.0,chicago rap dance pop hip hop pop pop rap postteen pop rb southern hip hop trap urban contemporary,Jeremih,81
0eHQ9o50hj6ZDNBt6Ys1sD,4947457.0,latin latin hip hop reggaeton reggaeton flow trap latino tropical,Yandel,81
2EMAnMvWE2eb56ToJVfCWs,4821083.0,kentucky hip hop pop pop rap rb rap trap,Bryson Tiller,81
0cGUm45nv7Z6M6qdXYQGTX,4551214.0,dance pop pop pop rap postteen pop rb urban contemporary,Kehlani,81
6MDME20pz9RveH9rEXvrOM,4293412.0,dance pop edm pop pop dance postteen pop tropical house uk dance uk funky,Clean Bandit,81
3IYUhFvPQItj6xySrBmZkd,4202342.0,album rock classic rock country rock rock roots rock southern rock swamp rock,Creedence Clearwater Revival,81
5C4PDR4LnhZTbVnKWXuDKD,4160248.0,colombian pop latin latin pop,Morat,81
2rhFzFmezpnW82MNqEKVry,4087652.0,miami hip hop rap underground hip hop,Ski Mask The Slump God,81
6sq1yF0OZEWA4xoXVKW1L9,4078032.0,latin latin arena pop latin pop mariachi mexican pop ranchera regional mexican,Alejandro Fernández,81
6vXTefBL93Dj5IqAWq6OTv,3901095.0,gangster rap hip hop pop rap rap southern hip hop trap,French Montana,81
3Y7RZ31TRPVadSFVy1o8os,3694184.0,alternative rb dance pop pop rb,H.E.R.,81
5JXhkyafynxCvxtov7C1PV,3425756.0,sertanejo sertanejo pop sertanejo universitario,Bruno & Marrone,81
5aIqB5nVVvmFsvSdExz408,3149269.0,baroque classical early music german baroque,Johann Sebastian Bach,81
4YLtscXsxbVgi031ovDDdh,3139913.0,contemporary country outlaw country,Chris Stapleton,81
0ErzCpIMyLcjPiwT4elrtZ,2968477.0,memphis hip hop trap,NLE Choppa,81
7pbDxGE6nQSZVfiFdq9lOL,2922117.0,bedroom pop pop,Rex Orange County,81
2HPaUgqeutzr3jx5a9WyDV,2921372.0,pop pop rap rb rap toronto rap trap urban contemporary,PARTYNEXTDOOR,81
2kRfqPViCqYdSGhYSM9R0Q,2916379.0,alt z dance pop electropop pop postteen pop,Madison Beer,81
2NjfBq1NflQcKSeiDooVjY,2708158.0,australian pop pop,Tones And I,81
1wRPtKGflJrBx9BmLsSwlU,2572027.0,desi pop filmi indian instrumental modern bollywood,Pritam,81
0A0FS04o6zMoto8OKPsDwY,2566314.0,cali rap gangster rap hip hop pop rap rap southern hip hop trap,YG,81
12vb80Km0Ew53ABfJOepVz,2398789.0,latin latin hip hop reggaeton reggaeton flow trap latino tropical,Ñengo Flow,81
57LYzLEk2LcFghVwuWbcuS,2226432.0,pop rb,Summer Walker,81
3tJoFztHeIJkJWMrx0td2f,1985437.0,hip hop rap southern hip hop tennessee hip hop trap,Moneybagg Yo,81
1Bl6wpkWCQ4KVgnASpvzzA,1765477.0,boy band hip hop rap,BROCKHAMPTON,81
66ihevNkSYNzRAl44dx6jJ,1746707.0,corrido nuevo regional mexicano regional mexican sierreno,Carin Leon,81
6Ad91Jof8Niiw0lGLLi3NW,1684095.0,british indie rock modern rock pop rock,YUNGBLUD,81
1aS5tqEs9ci5P9KD9tZWa6,1610296.0,german hip hop hamburg hip hop,Bonez MC,81
64tJ2EAv1R6UaZqc4iOCyj,1416791.0,jpop japanese teen pop,YOASOBI,81
4bL2B6hmLlMWnUEZnorEtG,1098740.0,dance pop edm electro house german dance pop pop dance pop edm tropical house,Felix Jaehn,81
47mIJdHORyRerp4os813jD,995750.0,speedrun video game music,League of Legends,81
6QtgPSJPSzcnn7dPZ4VINp,949687.0,chicago rap,King Von,81
3wcj11K77LjEY1PkEazffa,946289.0,afro dancehall dancehall nigerian hip hop nigerian pop,Burna Boy,81
3PyJHH2wyfQK3WZrk9rpmP,924879.0,alt z electropop escape room pop,Ashnikko,81
6WY7D3jk8zTrHtmkqqo5GI,571090.0,contemporary country country pop texas country,Maren Morris,81
0GM7qgcRCORpGnfcN2tCiB,384556.0,latin latin hip hop latin pop pop reggaeton reggaeton reggaeton flow trap latino tropical,Tainy,81
5KKpBU5eC2tJDzf0wmlRp2,381642.0,dance pop pop pop dance postteen pop tropical house uk contemporary rb uk pop,RAYE,81
1Ts9of7VPZElwPQnqnDSfW,332580.0,latin reggaeton reggaeton flow trap boricua trap latino,Lyanno,81
5F1aAS1duwlzExnPs3l2Xe,247962.0,memphis hip hop rap southern hip hop tennessee hip hop trap,Pooh Shiesty,81
09agIJMxCD2k87ys9Al0f0,115554.0,dance pop german dance pop dance slap house tropical house,VIZE,81
7i9j813KFoSBMldGqlh2Z1,69716.0,dance pop house pop dance tropical house uk dance,Riton,81
2o08sCWF5yyo2G4DCiT7T9,31001.0,slap house,HVME,81
487N2T9nIPEHrlTZLL3SQs,13674608.0,sertanejo sertanejo pop sertanejo universitario,Zé Neto & Cristiano,80
3p7PcrEHaaKLJnPUGOtRlT,12846250.0,sertanejo pop sertanejo universitario,Henrique & Juliano,80
6JL8zeS1NmiOftqZTRgdTz,10300972.0,dance pop hip pop pop postteen pop,Meghan Trainor,80
7Ey4PD4MYsKc5I2dolUwbH,10079991.0,album rock classic rock hard rock rock,Aerosmith,80
7qG3b048QCHVRO5Pv1T5lw,10045207.0,dance pop latin latin pop mexican pop pop tropical,Enrique Iglesias,80
2DlGxzQSjYe5N6G9nkYghR,9805610.0,dance pop pop pop rap postteen pop urban contemporary,Jennifer Lopez,80
4V8Sr092TqfHkfAA5fXXqG,9347569.0,latin latin pop puerto rican pop tropical,Luis Fonsi,80
5he5w2lnU9x7JFhnwcekXX,7789284.0,brostep complextro edm electro pop dance,Skrillex,80
07PdYoE4jVRF6Ut40GgVSP,7541026.0,latin hip hop mexican hip hop,Cartel De Santa,80
163tK9Wjr9P9DmM0AVK7lm,7474152.0,art pop dance pop electropop metropopolis nz pop pop postteen pop,Lorde,80
0p4nmQO2msCgU4IF37Wi3j,7105293.0,canadian pop candy pop dance pop pop postteen pop,Avril Lavigne,80
05fG473iIaoy82BF1aGhL8,7013125.0,alternative metal double drumming nu metal rap metal,Slipknot,80
4iHNK0tOyZPYnBU7nGAgpQ,6558935.0,dance pop pop urban contemporary,Mariah Carey,80
6XpaIBNiVzIetEPCWDvAFP,6510934.0,dance pop pop urban contemporary,Whitney Houston,80
0h1zs4CTlU9D2QtgPxptUD,6374544.0,cantautor latin latin arena pop latin pop rock en espanol tropical,Ricardo Arjona,80
0ECwFtbIWEVNwjlrfc6xoL,6369653.0,album rock classic rock country rock folk rock heartland rock mellow gold rock soft rock yacht rock,Eagles,80
7okwEbXzyT2VffBmyQBWLz,6360283.0,latin latin arena pop latin pop latin rock mexican pop mexican rock rock en espanol,Maná,80
0BvkDsjIUla7X0k6CSWh1I,6325985.0,contemporary country country country road,Luke Bryan,80
3MHaV05u0io8fQbZ2XPtlC,6172304.0,bachata latin latin hip hop latin pop trap latino tropical,Prince Royce,80
2DaxqgrOhkeH0fpeiQq2f4,6144580.0,beatlesque britpop madchester permanent wave rock,Oasis,80
7FBcuc1gsnv6Y1nwFtNRCb,5829065.0,emo pop punk,My Chemical Romance,80
6wWVKhxIU2cEi0K81v7HvP,5750041.0,alternative metal german metal industrial industrial metal industrial rock neue deutsche harte nu metal,Rammstein,80
43ZHCT0cAZBISjO8DG9PnE,5319897.0,adult standards rockandroll rockabilly,Elvis Presley,80
7gOdHgIoIKoe4i9Tta6qdD,5149142.0,boy band dance pop pop pop rock postteen pop,Jonas Brothers,80
6tbjWDEIzxoDsBA1FuhfPW,4965982.0,dance pop europop pop,Madonna,80
4jogXSSvlyMkODGSZ2wc2P,4959618.0,corrido nuevo regional mexicano regional mexican,Calibre 50,80
7guDJrEfX3qb6FEbdPA5qi,4919372.0,adult standards funk motown quiet storm soul,Stevie Wonder,80
3mIj9lX2MWuHmhNCA7LSCW,4865318.0,modern alternative rock modern rock nu gaze pop postteen pop rock,The 1975,80
3EiLUeyEcA6fbRPSHkG5kb,4738638.0,latin latin hip hop latin pop reggaeton reggaeton flow trap latino tropical,De La Ghetto,80
7EQ0qTo7fWT7DPxmxtSYEc,4707811.0,metropopolis modern rock pop pop rock tropical house,Bastille,80
7d3WFRME3vBY2cgoP38RDo,4679716.0,melodic rap pop rap rap trap,Lil Skies,80
2qk9voo8llSGYcZ6xrBzKx,4672487.0,modern rock rock,Kings of Leon,80
2dIgFjalVxs4ThymZ67YCE,4344654.0,kpop kpop boy group,Stray Kids,80
1LZEQNv7sE11VDY3SdxQeN,4329453.0,disco mellow gold soft rock,Bee Gees,80
16oZKvXb6WkQlVAjwo2Wbg,4235709.0,folkpop modern rock pop stomp and holler,The Lumineers,80
4GvEc3ANtPPjt1ZJllr5Zl,4186346.0,dance pop electropop pop postteen pop,Bazzi,80
3eqjTLE0HfPfh78zjh6TqT,3955181.0,classic rock heartland rock mellow gold permanent wave rock singersongwriter,Bruce Springsteen,80
3HqSLMAZ3g3d5poNaI7GOU,3820336.0,kpop,IU,80
6x2LnllRG5uGarZMsD4iO8,3780200.0,contemporary country country country road modern country rock,Thomas Rhett,80
0epOFNiUfyON9EYx7Tpr6V,3707942.0,alternative rock garage rock indie rock modern rock permanent wave rock,The Strokes,80
00XhexlJEXQstHimpZN910,3652927.0,latin latin hip hop reggaeton reggaeton flow trap latino tropical,Brytiago,80
4lxfqrEsLX6N1N4OCSkILp,3595656.0,mellow gold rock drums soft rock,Phil Collins,80
77AiFEVeAVj2ORpC85QVJs,3538089.0,dance pop edm electro house pop dance tropical house,Steve Aoki,80
6zFYqv1mOsgBRQbae3JJ9e,3403694.0,classic rock folk rock mellow gold piano rock rock singersongwriter soft rock,Billy Joel,80
6w3SkAHYPsQ1bxV7VDlG5y,3380762.0,argentine hip hop latin latin pop rap latina reggaeton trap argentino trap latino,Cazzu,80
3oSJ7TBVCWMDMiYjXNiCKE,3281503.0,contemporary country country country road,Kane Brown,80
1HBjj22wzbscIZ9sEb5dyf,3203328.0,dance pop edm pop pop dance postteen pop tropical house uk dance,Jonas Blue,80
3GBPw9NK25X1Wt2OUvOwY3,3123799.0,neo mellow,Jack Johnson,80
3uwAm6vQy7kWPS2bciKWx9,3061281.0,bedroom pop bubblegrunge indie pop norwegian indie,girl in red,80
4LEiUm1SRbFMgfqnQTwUbQ,2959378.0,eau claire indie indie folk melancholia,Bon Iver,80
4NHQUGzhtTLFvgF5SZesLK,2726359.0,dance pop electropop metropopolis pop pop rap postteen pop swedish electropop swedish pop swedish synthpop,Tove Lo,80
5IH6FPUwQTxPSXurCrcIov,2586135.0,alt z electropop pop,Alec Benjamin,80
2IMZYfNi21MGqxopj9fWx8,2483918.0,rb en espanol spanish hip hop trap latino urbano espanol,Rels B,80
7z5WFjZAIYejWy0NI5lv4T,2189180.0,contemporary country country pop,Dan + Shay,80
3ipn9JLAPI5GUEo4y4jcoi,2123243.0,atl hip hop dance pop dirty south rap hip hop pop rap rap southern hip hop trap,Ludacris,80
0elWFr7TW8piilVRYJUe4P,2074191.0,corrido corridos tumbados nuevo regional mexicano regional mexican sierreno,Natanael Cano,80
58wXmynHaAWI5hwlPZP3qL,2016169.0,french hip hop old school rap francais pop urbaine rap conscient,Booba,80
5Y5TRrQiqgUO4S36tzjIRZ,1924282.0,dance pop hip hop hip pop pop pop rap urban contemporary,Timbaland,80
1Oa0bMld0A3u5OTYfMzp5h,1022546.0,g funk gangster rap hip hop pop rap rap west coast rap,Nate Dogg,80
3hv9jJF3adDNsBSIQDqcjp,902297.0,dance pop neo soul pop,Mark Ronson,80
41QLxRXlc2NwfJZkHGHKid,893376.0,sertanejo sertanejo pop sertanejo universitario,Israel & Rodolffo,80
6bmlMHgSheBauioMgKv2tn,847098.0,sad rap,Powfu,80
0YinUQ50QDB7ZxSCLyQ40k,846613.0,cali rap hip hop pop rap rap southern hip hop trap,Mustard,80
25UNJbwGZSQKvz5cPLWlv3,740933.0,corrido norteno nuevo regional mexicano regional mexican,Los Dos Carnales,80
1DxLCyH42yaHKGK3cl5bvG,720820.0,pop argentino trap latino,Maria Becerra,80
2ydZrTy8U3kOMOzx20s3dg,695034.0,latin latin hip hop reggaeton reggaeton flow trap latino tropical,DJ Nelson,80
0H39MdGGX6dbnnQPt6NQkZ,693929.0,melodic rap rap slap house,SAINt JHN,80
20gsENnposVs2I4rQ5kvrf,616061.0,dance pop edm electro house pop pop dance pop edm tropical house,Sam Feldt,80
0BqURncJM5B1BBu7UM51eq,608640.0,latin reggaeton reggaeton flow trap latino,Guaynaa,80
2LRoIwlKmHjgvigdNGBHNo,500940.0,colombian pop latin pop reggaeton reggaeton reggaeton colombiano reggaeton flow trap latino,Feid,80
3klZnJvYGIbWritVwQD434,181450.0,dutch pop,Duncan Laurence,80
2Jc4AEeBTE47KwuKgYOtcL,128052.0,hoerspiel,Die drei !!!,80
2x8vG4f0HYXzMEo3xNsoiI,125018.0,hoerspiel kleine hoerspiel,Bibi und Tina,80
5R9eOlQf7HGzD6srMeJKio,34146.0,meditation,Solfeggio Healing Frequencies MT,80
3vQ0GE3mI0dAaxIMYe5g7z,12448153.0,argentine hip hop reggaeton trap argentino trap latino,Paulo Londra,79
2Z0lRIqr997lIUiPtrpKCr,8613017.0,pop nacional sertanejo pop sertanejo universitario,Matheus & Kauan,79
0eecdvMrqBftK0M1VKhaF4,7586425.0,boy band latin latin pop reggaeton,CNCO,79
6Q192DXotxtaysaqNPy5yR,7078461.0,british soul neo soul,Amy Winehouse,79
1w5Kfo2jwwIPruYS2UWh56,6605373.0,alternative rock grunge permanent wave pop rock rock,Pearl Jam,79
5CCwRZC6euC8Odo6y9X8jr,6540956.0,australian pop dance pop edm electropop pop pop rap postteen pop tropical house uk pop,Rita Ora,79
7gZfnEnfiaHzxARJ2LeXrf,6416834.0,emo rap,6ix9ine,79
12Chz98pHFMPJEknJQMWvI,6378276.0,modern rock permanent wave rock,Muse,79
4phGZZrJZRo4ElhRtViYdl,5961911.0,acoustic pop neo mellow pop pop rock viral pop,Jason Mraz,79
3WGpXCj9YhhfX11TToZcXP,5559114.0,australian pop dance pop electropop pop postteen pop viral pop,Troye Sivan,79
7FsRH5bw8iWpSbMX1G7xf1,5066723.0,banda grupera norteno ranchera regional mexican,Joan Sebastian,79
5sUrlPAHlS9NEirDB8SEbF,5034748.0,cantautor latin latin arena pop latin pop mexican pop rock en espanol spanish pop,Alejandro Sanz,79
6deZN1bslXzeGvOLaLMOIF,5031348.0,alternative metal canadian rock nu metal postgrunge,Nickelback,79
5t28BP42x2axFnqOOMg3CM,4749326.0,alternative metal groove metal nu metal,Five Finger Death Punch,79
3TOqt5oJwL9BE2NG9MEwDa,4685829.0,alternative metal nu metal rap metal,Disturbed,79
1Mxqyy3pSjf8kZZL4QVxS0,4677919.0,adult standards easy listening lounge,Frank Sinatra,79
6kACVPfCOnqzgfEF5ryl0x,4615328.0,arkansas country outlaw country,Johnny Cash,79
0WwSkZ7LtFUFjGjMZBMt6T,4529973.0,album rock classic rock mellow gold rock soft rock,Dire Straits,79
3FfvYsEGaIb52QPXhg4DcH,4493811.0,contemporary country country country road,Jason Aldean,79
1qto4hHid1P71emI6Fd8xi,4490658.0,bachata bachata dominicana latin latin hip hop latin pop trap latino tropical,Aventura,79
0ZCO8oVkMj897cKgFH7fRW,4364742.0,gruperas inmortales nucumbia regional mexican,Los Ángeles Azules,79
5NGO30tJxFlKixkPSgXcFE,4127991.0,album rock art rock classic rock mellow gold new wave permanent wave rock soft rock,The Police,79
5LfGQac0EIXyAN8aUwmNAQ,4094036.0,alternative metal permanent wave punk rock skate punk socal pop punk,The Offspring,79
4NJhFmfw43RLBLjQvxDuRS,4019581.0,classical classical era,Wolfgang Amadeus Mozart,79
4WZGDpNwrC0vNQyl9QzF7d,3980041.0,german hip hop,Capital Bra,79
0SfsnGyD8FpIN4U4WCkBZ5,3799329.0,dutch trance edm pop dance progressive house trance,Armin van Buuren,79
5rSXSAkZ67PYJSvpUpkOr7,3795212.0,boy band dance pop,Backstreet Boys,79
4OBJLual30L7gRl5UkeRcT,3701277.0,atl hip hop dance pop dirty south rap gangster rap hip hop pop rap rap southern hip hop trap,T.I.,79
4D75GcNG95ebPtNvoNVXhz,3628074.0,big room dance pop dutch house edm electro house pop dance progressive electro house progressive house tropical house,Afrojack,79
5M9Bb4adKAgrOFOhc05Y50,3619972.0,latin latin arena pop latin pop spanish pop,Pablo Alborán,79
4AVFqumd2ogHFlRbKIjp1t,3600013.0,dance pop edm electro house pop pop dance progressive electro house tropical house,Alesso,79
5dHt1vcEm9qb8fCyLcB3HL,2921189.0,hip hop pop rap rap southern hip hop trap underground hip hop,A$AP Ferg,79
7IlRNXHjoOCgEAWN5qYksg,2670396.0,basshall francoton,Aya Nakamura,79
5xSx2FM8mQnrfgM1QsHniB,2571510.0,latin latin pop latin viral pop mexican pop pop,Danna Paola,79
0my6Pg4I28dVcZLSpAkqhv,2535899.0,banda corrido nuevo regional mexicano regional mexican,El Fantasma,79
39yVoqm6sYFvvqF1RciUVf,2523901.0,latin latin arena pop latin pop mexican pop,Carlos Rivera,79
0YC192cP3KPCRWx8zr8MfZ,2503688.0,german soundtrack soundtrack,Hans Zimmer,79
4ScCswdRlyA23odg9thgIO,2480037.0,australian pop dance pop pop pop dance postteen pop tropical house uk pop,Jess Glynne,79
26T3LtbuGT1Fu9m0eRq5X3,2459591.0,indie rock modern alternative rock modern rock punk blues rock,Cage The Elephant,79
10exVja0key0uqUkk6LJRT,2341085.0,folkpop modern rock pop pop rock,Vance Joy,79
0SwO7SWeDHJijQ3XNS7xEE,2182518.0,alternative dance indie rock indietronica modern rock rock,MGMT,79
3Z02hBLubJxuFJfhacLSDc,2068570.0,album rock canadian pop canadian singersongwriter classic canadian rock heartland rock mellow gold pop rock rock soft rock,Bryan Adams,79
1CoZyIx7UvdxT5c8UkMzHd,2060406.0,alternative rb dance pop pop rb uk contemporary rb,Jorja Smith,79
6nS5roXSAGhTGr34W6n7Et,1908198.0,house pop uk dance,Disclosure,79
2gBjLmx6zQnFGQJCAQpRgw,1763657.0,dance pop hip hop pop rap rap southern hip hop st louis rap urban contemporary,Nelly,79
3JhNCzhSMTxs9WLGJJxWOY,1711346.0,pop pop rap seattle hip hop,Macklemore,79
2hejA1Dkf8v8R0koF44FvW,1679789.0,mexican hip hop rap conciencia,Gera MX,79
4rTv3Ejc7hKMtmoBOK1B4T,1661746.0,canadian hip hop pop,Ali Gatie,79
5pVRwX5ZQR7hfJ18w8ZYkl,1652602.0,german cloud rap german hip hop,Ufo361,79
7F2utINZ6tSokSiZTQBE27,1591847.0,italian hip hop italian pop,Guè Pequeno,79
7yntSJ6uojO3z6GFUVwhAW,1580927.0,viral rap,CORPSE,79
0SCbttzoZTnLFebDYmAWCm,1372887.0,glee club hollywood postteen pop,Glee Cast,79
1WgXqy2Dd70QQOU7Ay074N,1308128.0,art pop norwegian pop,AURORA,79
1fux65HMCBvfJHqlBc4Nno,1243207.0,latin latin hip hop reggaeton reggaeton flow trap latino tropical,Casper Magico,79
45eNHdiiabvmbp4erw26rg,1070438.0,edm electropop melodic dubstep pop pop dance tropical house,ILLENIUM,79
2p1fiYHYiXz9qi0JJyxBzN,908601.0,birmingham grime grime instrumental grime rap,Skepta,79
3CJKkU0XuElRT1z8rEtIYg,865358.0,german drill german hip hop,Luciano,79
55fhWPvDiMpLnE4ZzNXZyW,841098.0,alt z dance pop electropop pop postteen pop,Noah Cyrus,79
1wxPItEzr7U7rGSMPqZ25r,837220.0,lofi chill sad rap,Shiloh Dynasty,79
5YwzDz4RJfTiMHS4tdR5Lf,781646.0,brazilian hip hop funk carioca trap brasileiro,Xamã,79
7Gi6gjaWy3DxyilpF1a8Is,766154.0,corrido corridos tumbados nuevo regional mexicano regional mexican sierreno,Junior H,79
2uYWxilOVlUdk4oV9DvwqK,755256.0,brooklyn indie indie pop,Mitski,79
6USv9qhCn6zfxlBQIYJ9qs,506889.0,alternative pop rock pop,Dominic Fike,79
5JMLG56F1X5mFmWNmS0iAp,431988.0,alt z electropop indie pop indie poptimism pop postteen pop tropical house,Chelsea Cutler,79
4AKwRarlmsUlLjIwt38NLw,404713.0,edm pop dance tropical house,Ofenbach,79
3UUJfRbrA2nTbcg4i0MOwu,395538.0,broadway hollywood,Original Broadway Cast of Hamilton,79
7jZM5w05mGhw6wTB1okhD9,264301.0,german dance german techno german trance trance,ATB,79
7uMh23xWiuR7zsNkuNcm2G,244106.0,tropical house uk contemporary rb uk dance,MNEK,79
4riOEaOW5hCeqomFDBk0aP,225742.0,dembow rap dominicano trap latino,Rochy RD,79
0vLsqW05dyLvjuKKftAEGA,138979.0,hoerspiel,Die drei ??? Kids,79
7arQA31aZVS8yS6zUveWzb,137139.0,trap,CJ,79
2nm38smINjms1LtczR0Cei,20013.0,uk dance,Goodboys,79
3BmGtnKgCSGYIUhmivXKWX,7566980.0,dance pop neo mellow pop pop rock postteen pop talent show urban contemporary,Kelly Clarkson,78
5p7f24Rk5HkUZsaS3BLG5F,6686673.0,dance pop pop postteen pop,Hailee Steinfeld,78
3AQRLZ9PuTAozP28Skbq8V,6548759.0,celtic rock dance pop neo mellow pop pop rock postteen pop viral pop,The Script,78
7slfeZO9LsJbWgpkIoXBUJ,5843491.0,dance pop latin latin pop mexican pop puerto rican pop tropical,Ricky Martin,78
2MRBDr0crHWE5JwPceFncq,5240092.0,cancion melodica latin latin pop mariachi ranchera regional mexican,Juan Gabriel,78
4S9EykWXhStSc15wEx8QFK,4749361.0,canadian pop dance pop,Céline Dion,78
0nmQIMXWTXfhgOBdNzhGOs,4606565.0,alternative metal nu metal,Avenged Sevenfold,78
4yiQZ8tQPux8cPriYMWUFP,4606057.0,dance pop hip pop pop postteen pop urban contemporary,Gwen Stefani,78
1GxkXlMwML1oSg5eLPiAz3,4498944.0,adult standards canadian pop jazz pop lounge,Michael Bublé,78
2xiIXseIJcq3nG7C8fHeBj,4426078.0,alternative metal canadian metal canadian rock nu metal postgrunge,Three Days Grace,78
23TFHmajVfBtlRx5MXqgoz,4297398.0,italian hip hop italian pop trap italiana,Sfera Ebbasta,78
0u2FHSq3ln94y5Q57xazwf,4156674.0,australian country australian pop contemporary country country country road,Keith Urban,78
5bSfBBCxY8QAk4Pifveisz,4068717.0,banda corrido ranchera regional mexican,La Arrolladora Banda El Limón De Rene Camacho,78
3koiLjNrgRTNbOwViDipeA,3967998.0,classic soul funk indie rb motown northern soul quiet storm soul,Marvin Gaye,78
3CDoRporvSjdzTrm99a3gi,3872123.0,funk carioca funk pop pagode baiano pop nacional,LUDMILLA,78
1RBzGO6Nm3uyhUSxP7EDWO,3780329.0,latin latin hip hop reggaeton reggaeton colombiano reggaeton flow trap latino tropical,Kevin Roldan,78
56oDRnqbIiwx4mymNEv7dS,3764116.0,dance pop escape room minnesota hip hop pop pop rap postteen pop trap queen,Lizzo,78
3FUY2gzHeIiaesXtOAdB7A,3650908.0,dance pop neo mellow pop pop rock postteen pop,Train,78
5IcR3N7QB1j6KBL8eImZ8m,3619604.0,gangster rap hip hop pop rap rap southern hip hop trap underground hip hop,ScHoolboy Q,78
74KM79TiuVKeVCqs8QtB0B,3459350.0,alt z dance pop electropop pop postteen pop viral pop,Sabrina Carpenter,78
085pc2PYOi8bGKj0PNjekA,3372700.0,dance pop pop pop rap postteen pop,will.i.am,78
0UWZUmn7sybxMCqrw9tGa7,3235387.0,colombian pop latin latin pop mexican pop pop rock en espanol tropical,Juanes,78
7gP3bB2nilZXLfPHJhMdvc,3163993.0,indie pop indietronica modern rock pop rock,Foster The People,78
7bu3H8JO7d0UbMoVzbo70s,3109709.0,new wave permanent wave rock,The Cure,78
4sTQVOfp9vEMCemLw50sbu,3068664.0,dance pop edm electro house pop pop dance tropical house,Galantis,78
2IvkS5MXK0vPGnwyJsrEyV,2951894.0,contemporary country country country road,Eric Church,78
21WS9wngs9AqFckK7yYJPM,2938218.0,melodic rap pop rap rb rap trap,PnB Rock,78
5nP8x4uEFjAAmDzwOEc9b8,2796430.0,rb brasileiro rap cearense trap brasileiro,Matuê,78
2jnIB6XdLvnJUeNTy5A0J2,2724198.0,boy band dance pop pop postteen pop teen pop,Why Don't We,78
46gyXjRIvN1NL1eCB8GBxo,2569497.0,modern rock pop punk postteen pop,All Time Low,78
5BcAKTbp20cv7tC5VqPFoC,2562381.0,dance pop pop pop rap seattle hip hop,Macklemore & Ryan Lewis,78
6CwfuxIqcltXDGjfZsMd9A,2535163.0,dance pop electropop metropopolis pop postteen pop uk alternative pop,MARINA,78
2jw70GZXlAI8QzWeY2bgRc,2509112.0,canadian latin canadian pop dance pop pop pop rap,Nelly Furtado,78
5gCRApTajqwbnHHPbr2Fpi,2508611.0,crunk dirty south rap gangster rap hip hop memphis hip hop pop rap rap southern hip hop trap,Juicy J,78
3NPpFNZtSTHheNBaWC82rB,2416570.0,modern alternative rock modern rock pop pop rock rock stomp pop,X Ambassadors,78
25uiPmTg16RbhZWAqwLBy5,2293725.0,art pop candy pop dance pop electropop escape room hyperpop metropopolis pop postteen pop uk pop,Charli XCX,78
2SrSdSvpminqmStGELCSNd,2232326.0,grime uk hip hop,Stormzy,78
2DspEsT7UXGKd2VaaedgG4,1934486.0,latin reggaeton reggaeton flow trap latino,Alex Rose,78
5ndkK3dpZLKtBklKjxNQwT,1846932.0,atl hip hop dance pop hip hop pop pop rap rap southern hip hop,B.o.B,78
7DMveApC7UnC2NPfPvlHSU,1838014.0,dance pop edm electro house electropop pop pop dance pop edm pop rap postteen pop tropical house,Cheat Codes,78
2hR4h1Cao2ueuI7Cx9c7V8,1837663.0,alt z bedroom pop indie pop,Cavetown,78
0NIPkIjTV8mB795yEIiPYL,1817134.0,indie pop modern rock pop rock,Wallows,78
4tm8CEdm4pkQsEh4jIr9Yp,1731912.0,mexican hip hop,Santa Fe Klan,78
1nzgtKYFckznkcVMR3Gg4z,1730105.0,uk hip hop,KSI,78
1G9G7WwrXka3Z1r7aIDjI7,1629678.0,atl hip hop dirty south rap hip hop rap southern hip hop,Outkast,78
3QSQFmccmX81fWCUSPTS7y,1574499.0,alt z australian pop indie cafe pop pop postteen pop,Dean Lewis,78
1qQLhymHXFPtP5U8KNKsm6,1554532.0,german hip hop,Apache 207,78
0xOeVMOz2fVg5BJY3N6akT,1500909.0,hip hop pop pop rap rap,Jaden,78
28uJnu5EsrGml2tBd7y8ts,1484691.0,brazilian edm,Vintage Culture,78
43DRDu6nLSeIedZ7T1A616,1331797.0,forro de favela funk carioca sertanejo pop,Xand Avião,78
1MIVXf74SZHmTIp4V4paH4,1264050.0,dance pop edm pop pop dance postteen pop tropical house uk pop,Mabel,78
1IueXOQyABrMOprrzwQJWN,1257758.0,dance pop edm house pop pop dance tropical house,Sigala,78
4IJczjB0fJ04gs4uvP0Fli,1227441.0,dance pop pop rap,Gym Class Heroes,78
6h1s4i4XKIYv4ErDelLDN0,998360.0,german hip hop,Samra,78
64aJYyrXljOodnUG6jvhRD,964823.0,latin latin hip hop reggaeton reggaeton flow trap latino tropical,DJ Luian,78
7cYEt1pqMgXJdq00hAwVpT,928656.0,electropop modern rock pop,Chase Atlantic,78
0NiaKn55OzJswiYevvlKfz,909495.0,forro,Raí Saia Rodada,78
4bYPcJP5jwMhSivRcqie2n,870472.0,pop rock,Adam Levine,78
41X1TR6hrK8Q2ZCpp2EqCz,783353.0,canadian hip hop dark trap meme rap pop rap vapor trap,bbno$,78
3tVQdUvClmAT7URs9V3rsp,668434.0,afro dancehall afropop azonto nigerian hip hop nigerian pop,WizKid,78
2VZNmg4vCnew4Pavo8zDdW,647268.0,compositional ambient postminimalism soundtrack,Max Richter,78
3ApUX1o6oSz321MMECyIYd,624933.0,electropop indie pop rap pop pop rap,Quinn XCII,78
5IbEL2xjRtKsunfmsahLuO,599321.0,dark trap florida rap underground hip hop vapor trap,$NOT,78
4f7KfxeHq9BiylGmyXepGt,566547.0,desi pop filmi modern bollywood,Tanishk Bagchi,78
4aXXDj9aZnlshx7mzj3W1N,425195.0,hollywood show tunes,Lin-Manuel Miranda,78
14CHVeJGrR5xgUGQFV5BVM,411500.0,brooklyn drill new york drill trap,Fivio Foreign,78
4exLIFE8sISLr28sqG1qNX,294593.0,rap rock,Travis Barker,78
4EPJlUEBy49EX1wuFOvtjK,280083.0,dance pop house pop pop dance pop house tropical house uk dance uk pop,Becky Hill,78
5yxyJsFanEAuwSM5kOuZKc,219166.0,british orchestra classical classical performance orchestra,London Symphony Orchestra,78
2T1aUibqR2QC2sINIDQOAK,144250.0,reggaeton flow,Mambo Kingz,78
61qDotnjM0jnY5lkfOP7ve,141654.0,hoerspiel kleine hoerspiel,TKKG,78
4ofCBoyEiGSePFAG500xev,130024.0,dance pop edm pop dance pop edm slap house tropical house,Regard,78
0GJ3FYu5TXpDjqvPs9iA4u,14748.0,lofi cover,Fets,78
5f4QpKfy7ptCHwTqspnSJI,18120286.0,desi pop filmi modern bollywood,Neha Kakkar,77
1mYsTxnqsietFxj1OgoGbG,11578195.0,desi pop filmi modern bollywood sufi,A.R. Rahman,77
59jlthNnbmim5l9tmNA7se,8900264.0,sertanejo sertanejo pop sertanejo universitario,Maiara & Maraisa,77
0oOet2f43PA68X5RxKobEy,7233758.0,desi pop filmi modern bollywood sufi,Shreya Ghoshal,77
7iZtZyCzp3LItcw1wtPI3D,6356760.0,hip hop melodic rap mississippi hip hop pop rap rap southern hip hop trap,Rae Sremmurd,77
3gd8FJtBJtkRxdfbTu19U2,6028041.0,modern folk rock modern rock stomp and holler uk americana,Mumford & Sons,77
22WZ7M8sxp5THdruNY3gXt,5803982.0,acid rock album rock classic rock psychedelic rock rock,The Doors,77
2iojnBLj0qIMiKPvVhLnsH,5758012.0,dance pop pop postteen pop rb trap urban contemporary,Trey Songz,77
1UTPBmNbXNTittyMJrNkvw,5719261.0,contemporary country country country road oklahoma country,Blake Shelton,77
1moxjboGR7GNWYIMWsRjgG,5539543.0,baroque pop pop uk alternative pop,Florence + The Machine,77
7An4yvF7hDYDolN4m5zKBp,5474588.0,argentine rock latin alternative latin rock postpunk argentina rock en espanol ska argentino,Soda Stereo,77
74ASZWbe4lXaubB36ztrGX,4982427.0,album rock classic rock country rock folk folk rock mellow gold rock roots rock singersongwriter,Bob Dylan,77
1mX1TWKpNxDSAH16LgDfiR,4698486.0,latin latin arena pop latin pop mexican pop pop,Jesse & Joy,77
4PPoI9LuYeFX8V674Z1R6l,4523390.0,mariachi ranchera,Vicente Fernández,77
3RtNN1VnooWEn3KQk03DUL,4456033.0,latin latin hip hop reggaeton reggaeton flow trap latino tropical,Noriel,77
3Mcii5XWf6E0lrY3Uky4cA,4384049.0,conscious hip hop g funk gangster rap hardcore hip hop hip hop rap west coast rap,Ice Cube,77
6PAt558ZEZl0DmdXlnjMgD,4177030.0,album rock blues rock classic rock electric blues mellow gold rock soft rock,Eric Clapton,77
6PXS4YHDkKvl1wkIl4V8DL,4054560.0,new jersey rap pop rap rap southern hip hop trap,Fetty Wap,77
4zCH9qm4R2DADamUHMCa6O,4039449.0,desi hip hop filmi tamil hip hop,Anirudh Ravichander,77
762310PdDnwsDxAQxzQkfX,3812693.0,dance rock new romantic new wave permanent wave synthpop,Depeche Mode,77
4RddZ3iHvSpGV4dvATac9X,3783003.0,alternative metal modern rock nu metal rap metal rap rock,Papa Roach,77
3tJnB0s6c3oXPq1SCCavnd,3779300.0,grupera latin latin pop ranchera regional mexican,Marco Antonio Solís,77
3Fl1V19tmjt57oBdxXKAjJ,3697236.0,cali rap trap,Blueface,77
49bzE5vRBRIota4qeHtQM8,3672637.0,alternative metal christian alternative rock christian music christian rock,Skillet,77
4mN0qcMxWX8oToqfDPM5yV,3609847.0,bolero cancion melodica latin pop ranchera,José José,77
6roFdX1y5BYSbp60OTJWMd,3556120.0,contemporary country country country road,Tim McGraw,77
0rvjqX7ttXeg3mTy8Xscbt,3509186.0,album rock classic rock hard rock mellow gold rock soft rock,Journey,77
49tQo2QULno7gxHutgccqF,3472299.0,la pop pop postteen pop,LANY,77
3grHWM9bx2E9vwJCdlRv9O,3383854.0,contemporary country country country road,Kenny Chesney,77
4EzkuveR9pLvDVFNx6foYD,3323655.0,modern rock neo mellow pop pop rock,James Bay,77
2wkoKEfS6dXwThbyTnZWFU,3069991.0,latin latin pop pop venezolano reggaeton trap latino,Mau y Ricky,77
67nwj3Y5sZQLl72VNUHEYE,3066086.0,dance pop gangster rap hip hop pop pop rap rb rap southern hip hop trap urban contemporary,Wale,77
73jBynjsVtofjRpdpRAJGk,3001982.0,belgian dance belgian edm big room edm electro house pop dance progressive electro house tropical house,Dimitri Vegas & Like Mike,77
5DUlefCLzVRzNWaNURTFpK,2999689.0,champeta colombian pop electro latino latin latin pop reggaeton reggaeton colombiano trap latino tropical,Cali Y El Dandee,77
4KWTAlx2RvbpseOGMEmROg,2936929.0,alternative rock athens indie classic rock permanent wave pop rock rock,R.E.M.,77
3SgHzT552wy2W8pNLaLk24,2911434.0,ccm christian music russian ccm world worship worship,Hillsong Worship,77
5H1nN1SzW0qNeUEZvuXjAj,2901972.0,latin latin pop pop venezolano reggaeton trap latino tropical,Danny Ocean,77
2UwqpfQtNuhBwviIC0f2ie,2844777.0,belgian hip hop french hip hop pop urbaine rap belge rap conscient,Damso,77
4QQgXkCYTt3BlENzhyNETg,2844202.0,disco funk jazz funk motown quiet storm soul,"Earth, Wind & Fire",77
5SulO4l40qDuV9zUGLZx7n,2790526.0,italian hip hop trap italiana,Capo Plaza,77
2y8Jo9CKhJvtfeKOsYzRdT,2783501.0,adult standards classic rock mellow gold soft rock,Rod Stewart,77
0gadJ2b9A4SKsB1RFkBb66,2766259.0,folkpop neo mellow pop pop rock,Passenger,77
4IMAo2UQchVFyPH24PAjUs,2754074.0,latin latin hip hop reggaeton reggaeton flow trap latino tropical,Jowell & Randy,77
4QFG9KrGWEbr6hNA58CAqE,2615894.0,mexican hip hop trap mexicano,Aleman,77
1pPmIToKXyGdsCF6LmqLmI,2551573.0,atl hip hop hip hop melodic rap pop rap rap southern hip hop trap,Rich The Kid,77
3hYtANQYrE6pd2PbtEyTIy,2487034.0,corrido norteno regional mexican,Los Tigres Del Norte,77
7y97mc3bZRFXzT2szRM4L4,2372223.0,classical early romantic era polish classical,Frédéric Chopin,77
20qISvAhX20dpIbOOzGK3q,2311740.0,conscious hip hop east coast hip hop gangster rap hardcore hip hop hip hop queens hip hop rap,Nas,77
3jOstUTkEu2JkjvRdBA5Gu,2285429.0,alternative rock modern power pop modern rock permanent wave pop rock rock,Weezer,77
1pgDilWYDWLoOgGjf1iHNu,2253287.0,latin latin hip hop reggaeton reggaeton flow trap latino tropical,Zion,77
1QAJqy2dA3ihHBFIHRphZj,2242182.0,ambient pop dream pop el paso indie shoegaze,Cigarettes After Sex,77
7f5Zgnp2spUuuzKplmRkt7,2113634.0,belgian edm edm pop pop dance tropical house,Lost Frequencies,77
0pcoadNMmvrUyab1RxWBoV,2074739.0,funk carioca funk consciente funk ostentacao funk paulista,MC Hariel,77
3uL4UpqShC4p2x1dJutoRW,1862065.0,dark trap florida rap,Ghostemane,77
1pf0MPKfKdvS8J779mS1Ay,1858316.0,latin latin hip hop reggaeton reggaeton flow trap latino tropical,Miky Woodz,77
3Sz7ZnJQBIHsXLUSo0OQtM,1851751.0,edmonton indie lofi indie,Mac DeMarco,77
25u4wHJWxCA9vO0CzxAbK7,1794333.0,danish pop pop scandipop,Lukas Graham,77
4lDiJcOJ2GLCK6p9q5BgfK,1764419.0,christlicher rap german hip hop,Kontra K,77
6C1ohJrd5VydigQtaGy5Wa,1636745.0,boston hip hop hip hop pop rap rap,Joyner Lucas,77
3HiuzBlSW7pGDXlSFMhO2g,1578707.0,gangster rap hip hop rap southern hip hop tennessee hip hop trap,Young Dolph,77
6fxyWrfmjcbj5d12gXeiNV,1562810.0,dark trap drill hip hop miami hip hop rap trap underground hip hop,Denzel Curry,77
4Yttlv9ndGjCDCVLqM7ACq,1451969.0,german hip hop german pop,Sido,77
37hAfseJWi0G3Scife12Il,1425645.0,dance pop pop pop rap rb scam rap trap queen,City Girls,77
1QRj3hoop9Mv5VvHQkwPEp,1413248.0,alt z dance pop electropop indie cafe pop indie poptimism pop postteen pop,Olivia O'Brien,77
5hREZP0zTQbTLkZ2M8RS4v,1347466.0,french hip hop pop urbaine rap conscient rap francais,Djadja & Dinaz,77
6kq4GHwUcUojGIu0ziSNXf,1324275.0,latin latin hip hop rap dominicano reggaeton reggaeton flow trap latino tropical,Amenazzy,77
5sWHDYs0csV6RS48xBl0tH,1302948.0,indie poptimism modern rock pop,Two Feet,77
6Ip8FS7vWT1uKkJSweANQK,1277325.0,uk hip hop,Dave,77
4WN5naL3ofxrVBgFpguzKo,1264137.0,dance pop edm house liquid funk pop pop dance tropical house uk dance uk funky,Rudimental,77
3qnGvpP8Yth1AqSBMqON5x,1192598.0,modern blues soul,Leon Bridges,77
37M5pPGs6V1fchFJSgCguX,1168213.0,alt z electropop indie pop la indie pop postteen pop,FINNEAS,77
2KsP6tYLJlTBvSUxnwlVWa,1136614.0,dance pop pop pop rap,Mike Posner,77
7sfl4Xt5KmfyDs2T3SVSMK,1123123.0,atl hip hop crunk dance pop dirty south rap pop rap southern hip hop,Lil Jon,77
6W5uA6CNMf3hd2j4a2XWCx,1119113.0,francoton french hip hop pop urbaine rap francais rap marseille,Naps,77
59wfkuBoNyhDMQGCljbUbA,1111264.0,dance pop east coast hip hop hip hop hip pop pop rap rap,Diddy,77
1ThoqLcyIYvZn7iWbj8fsj,1107599.0,funk motown quiet storm soul,Bill Withers,77
4ehtJnVumNf6xzSCDk8aLB,1071545.0,dance pop danish electronic edm electro house pop pop dance pop edm tropical house,Martin Jensen,77
5K8Rmjmf4RZFffz94EmBRt,991795.0,forro de favela,Zé Vaqueiro,77
7d86ERlvO5UG44j7Va0Y0C,980444.0,indonesian pop,Pamungkas,77
2oX42qP5ineK3hrhBECLmj,930554.0,dance pop modern rock neo mellow pop pop rock postteen pop,Andy Grammer,77
4Q6nIcaBED8qUel8bBx6Cr,899183.0,dance pop edm electro house house pop pop dance pop rap postteen pop tropical house uk dance,Jax Jones,77
1tqysapcCh1lWEAc9dIFpa,887733.0,desi pop filmi modern bollywood,Jubin Nautiyal,77
4Xi6LSfFqv26XgP9NKN26U,846804.0,grime uk hip hop ukg revival,AJ Tracey,77
0RESbWvOMyua0yuyVrztJ5,826617.0,rap southern hip hop tennessee hip hop trap,Key Glock,77
4xnihxcoXWK3UqryOSnbw5,822850.0,alt z electropop indie cafe pop pop postteen pop,Sasha Sloan,77
0CbeG1224FS58EUx4tPevZ,775472.0,australian dance big room edm melbourne bounce melbourne bounce international pop dance,Timmy Trumpet,77
13ZEDW6vyBF12HYcZRr4EV,769839.0,kentucky indie kentucky roots outlaw country,Tyler Childers,77
35l9BRT7MXmM8bv2WDQiyB,708338.0,bedroom pop bubblegrunge indie pop,beabadoobee,77
2ZRQcIgzPCVaT9XKhXZIzh,677704.0,dance pop edm electro house pop pop dance pop edm tropical house,Gryffin,77
4dM6NDYSfLcspt8GLoT5aE,677211.0,edm electronic trap,Hippie Sabotage,77
0XeEobZplHxzM9QzFQWLiR,668226.0,corridos tumbados nuevo regional mexicano sierreno,Eslabon Armado,77
1bqxdqvUtPWZri43cKHac8,659290.0,dance pop electropop pop postteen pop viral pop,MAX,77
4qIVPF0s71ZYW3qzhu5GkF,622435.0,sad rap,Kina,77
7uaIm6Pw7xplS8Dy06V6pT,599947.0,alternative rb melodic rap pop rap,Trevor Daniel,77
5XJDexmWFLWOkjOEjOVX3e,431337.0,reggaeton reggaeton flow trap boricua trap latino trap triste,Eladio Carrion,77
52qzWdNUp6ebjcNsvgZSiC,361003.0,pop venezolano,Evaluna Montaner,77
5ENS85nZShljwNgg4wFD7D,274853.0,eurodance italo dance slap house,Gabry Ponte,77
3TJGVUkSJzk5ZPixMFczZX,251943.0,sertanejo pop,Vitor Fernandes,77
66W9LaWS0DPdL7Sz8iYGYe,241497.0,alt z canadian contemporary rb indie cafe pop pop postteen pop,JP Saxe,77
3fZk3Gm5dN5v5yfYMQ04Bx,220407.0,latin reggaeton reggaeton flow trap latino tropical,Dímelo Flow,77
3cR4rhS2hBWqI7rJEBacvN,197493.0,broadway hollywood show tunes vocal jazz,Leslie Odom Jr.,77
4sVieJlKgpZ2k9ESNS5IdN,186489.0,german hip hop,Jamule,77
1vgQksyJ0IVz8y9XerEOy3,177124.0,italian hip hop italian pop rb italiano trap italiana,Madame,77
0RPzmE1iY76tx1eBBXFyYn,141423.0,forro piseiro sertanejo pop,DJ Ivis,77
0Q8NcsJwoCbZOHHW63su5S,108068.0,reggaeton reggaeton flow trap latino,Mora,77
6L1XC7NrmgWRlwAeLJvVtA,101311.0,australian pop pop postteen pop uk pop,Sam Fischer,77
56mfhUDKa1vec6rSLZV5Eg,87470.0,nz pop,Jawsh 685,77
2oT7xd9iTO2ejLsNGIMa5f,3667.0,reggaeton trap latino,Flow La Movie,77
2gsggkzM5R49q6jpPvazou,8500234.0,dance pop electropop pop pop rap postteen pop viral pop,Jessie J,76
3cjEqqelV9zb4BYE3qDQ4O,7657868.0,kpop kpop boy group,EXO,76
4Rxn7Im3LGfyRkY2FlHhWi,7257141.0,dance pop pop postteen pop viral pop,Nick Jonas,76
6mdiAmATAx73kdxrNrnlao,6256713.0,album rock hard rock metal nwobhm rock,Iron Maiden,76
07XSN3sPlIlB2L2XNcTwJw,5744191.0,album rock classic rock glam rock hard rock metal rock,KISS,76
1sPg5EHuQXTMElpZ4iUgXe,5581646.0,folk brasileiro nova mpb pop lgbtq brasileira pop nacional portuguese pop,ANAVITÓRIA,76
5yG7ZAZafVaAlMTeBybKAL,5459434.0,australian hip hop dance pop hip pop pop pop rap postteen pop,Iggy Azalea,76
5M52tdBnJaKSvOpJGz8mfZ,5281025.0,album rock birmingham metal classic rock hard rock metal rock stoner rock uk doom metal,Black Sabbath,76
5a2EaR3hamoenG9rDuVn8j,5205880.0,funk funk rock minneapolis sound motown synth funk,Prince,76
1z4g3DjTBBZKhvAroFlhOM,5142697.0,kpop kpop girl group,Red Velvet,76
7nqOGRxlXj7N2JYbgNEjYH,5087427.0,kpop kpop boy group,SEVENTEEN,76
776Uo845nYHJpNaStv1Ds4,4869339.0,acid rock album rock blues rock classic rock hard rock psychedelic rock rock,Jimi Hendrix,76
4J13m9IZh03PEhoxAxRhXO,4776151.0,banda corrido norteno nuevo regional mexicano regional mexican sierreno,Gerardo Ortiz,76
1on7ZQ2pvgeQF4vmIA09x5,4766540.0,brazilian rock hard rock brasileiro rock alternativo brasileiro rock nacional brasileiro,Charlie Brown Jr.,76
6sFIWsNpZYqfjUpaCgueju,4546434.0,canadian pop dance pop electropop indie poptimism pop postteen pop,Carly Rae Jepsen,76
3RNrq3jvMZxD9ZyoOZbQOD,4535142.0,alternative metal funk metal nu metal rap metal rock,Korn,76
7gAppWoH7pcYmphCVTXkzs,4376485.0,boy band dance pop pop postteen pop,The Vamps,76
27T030eWyCQRmDyuvr1kxY,4366207.0,album rock german hard rock german metal german rock hard rock metal rock,Scorpions,76
4vhNDa5ycK0ST968ek7kRr,4349020.0,champeta colombian pop latin latin pop tropical vallenato,Carlos Vives,76
165ZgPlLkK7bf5bDoFc6Sb,3931967.0,alternative metal funk metal nu metal rap metal wrestling,Limp Bizkit,76
7f4ignuCJhLXfZ9giKT7rH,3892609.0,kpop kpop boy group,NCT 127,76
2cnMpRsOVqtPMfq7YiFE6K,3876514.0,album rock classic rock hard rock metal rock,Van Halen,76
3NH8t45zOTqzlZgBvZRjvB,3848727.0,french hip hop pop urbaine,PNL,76
2wOqMjp9TyABvtHdOSOTUS,3823575.0,classical classical era early romantic era german romanticism,Ludwig van Beethoven,76
6LnJKrtFnTEGdbWQ2riWCL,3675799.0,turkish hip hop turkish trap,Ezhel,76
6ZLTlhejhndI4Rh53vYhrY,3516735.0,album rock birmingham metal hard rock metal rock,Ozzy Osbourne,76
7mnBLXK823vNxN3UWB7Gfz,3443667.0,alternative rock blues rock garage rock modern alternative rock modern blues rock modern rock punk blues rock,The Black Keys,76
2ysnwxxNtSgbb9t1m2Ur4j,3421047.0,folkpop modern rock neo mellow neosingersongwriter pop pop rock,George Ezra,76
70cRZdQywnSFp9pnc2WTCE,3354252.0,classic rock folk folk rock melancholia mellow gold rock,Simon & Garfunkel,76
0NbfKEOTQCcwd6o7wSDOHI,3354101.0,gangster rap hip hop pop rap rap southern hip hop trap,The Game,76
4MVyzYMgTwdP7Z49wAZHx0,3341159.0,album rock blues rock classic rock country rock hard rock mellow gold rock soft rock southern rock,Lynyrd Skynyrd,76
0ghlgldX5Dd6720Q3qFyQB,3334132.0,kpop kpop boy group,TOMORROW X TOGETHER,76
6ydoSd3N2mwgwBHtF6K7eX,3240686.0,indie cafe pop pop viral pop,Calum Scott,76
4sbXXFzEWJY2zsZjelerjX,3198207.0,francoton french hip hop french pop pop urbaine,Dadju,76
3oDbviiivRWhXwIE8hxkVV,3084545.0,baroque pop brill building pop classic rock folk rock psychedelic rock rock sunshine pop,The Beach Boys,76
19ra5tSw0tWufvUp8GotLo,3061467.0,soft rock,George Michael,76
5nGIFgo0shDenQYSE0Sn7c,3025719.0,alternative metal,Evanescence,76
5bWUlnPx9OYKsLiUJrhCA1,2948083.0,reggaeton reggaeton flow trap latino,Jon Z,76
0GOx72r5AAEKRGQFn3xqXK,2894655.0,francoton french hip hop french pop rap conscient,GIMS,76
4NUePmzDvCYqilXBFa91Hg,2846562.0,pagode pagode novo sertanejo pop,Dilsinho,76
7jefIIksOi1EazgRTfW2Pk,2691346.0,album rock art rock beatlesque bow pop classic rock folk rock glam rock mellow gold rock soft rock symphonic rock,Electric Light Orchestra,76
15iVAtD3s3FsQR4w1v6M0P,2677972.0,chicago drill chicago rap drill hip hop pop rap rap southern hip hop trap underground hip hop,Chief Keef,76
6yJCxee7QumYr820xdIsjo,2593055.0,contemporary country country country road modern country rock,Zac Brown Band,76
7nwUJBm0HE4ZxD3f5cy5ok,2541086.0,classic soul jazz blues memphis soul soul southern soul,Aretha Franklin,76
2Kx7MNY7cI1ENniW7vT30N,2508060.0,adult standards contemporary vocal jazz jazz pop neo mellow vocal jazz,Norah Jones,76
5vngPClqofybhPERIqQMYd,2465349.0,contemporary country country country road country rock,George Strait,76
2AfmfGFbe0A0WsTYm0SDTx,2456936.0,kpop kpop girl group,(G)I-DLE,76
7t0rwkOPGlDPEhaOcVtOt9,2414939.0,irish rock pop rock,The Cranberries,76
6AcOTCYBMvjKYy4zms0kaC,2402934.0,banda corrido ranchera regional mexican,Banda El Recodo,76
1o2NpYGqHiCq7FoiYdyd1x,2271615.0,alt z dance pop electropop indie cafe pop indie poptimism modern rock pop pop rap postteen pop talent show,Bea Miller,76
4BxCuXFJrSWGi1KHcVqaU4,2225723.0,indie cafe pop irish pop modern rock pop pop rock shiver pop,Kodaline,76
6nxWCVXbOlEVRexSbLsTer,2157188.0,australian dance australian electropop australian indie downtempo edm,Flume,76
2P5sC9cVZDToPxyomzF1UH,2125443.0,conscious hip hop hip hop rap underground hip hop,Joey Bada$$,76
44NX2ffIYHr6D4n7RaZF7A,2022590.0,classic rock folk folk rock mellow gold rock roots rock singersongwriter soft rock soul,Van Morrison,76
6UBA15slIuadJ8h2lPRPos,1964190.0,hip hop kansas city hip hop pop rap rap,Tech N9ne,76
4NiJW4q9ichVqL1aUsgGAN,1864654.0,metalcore pop punk screamo,A Day To Remember,76
0PFtn5NtBbbUNbU9EAmIWF,1855187.0,album rock classic rock mellow gold rock soft rock yacht rock,TOTO,76
2Mu5NfyYm8n5iTomuKAEHl,1796495.0,conscious hip hop hip pop neo soul new jersey rap rb urban contemporary,Ms. Lauryn Hill,76
0blbVefuxOGltDBa00dspv,1790198.0,anime anime rock jpixie jpop,LiSA,76
1YfEcTuGvBQ8xSD1f53UnK,1746216.0,east coast hip hop hardcore hip hop hip hop pop rap rap,Busta Rhymes,76
4LXBc13z5EWsc5N32bLxfH,1700952.0,french hip hop pop urbaine rap conscient,Nekfeu,76
4PzYKhC14sTJNEr0dzoo0d,1629354.0,funk carioca pop nacional,Luísa Sonza,76
2wIVse2owClT7go1WT98tk,1623067.0,dance pop hip hop hip pop pop pop rap rb rap urban contemporary virginia hip hop,Missy Elliott,76
3Gm5F95VdRxW3mqCn8RPBJ,1566946.0,hip hop pop rap portland hip hop rap underground hip hop,Aminé,76
4mxWe1mtYIYfP040G38yvS,1515343.0,contemporary country country country road,Alan Jackson,76
5EvFsr3kj42KNv97ZEnqij,1513439.0,dance pop pop rap reggae fusion,Shaggy,76
3utZ2yeQk0Z3BCOBWP7Vlu,1451455.0,german hip hop german pop pop rap,Cro,76
3k68C6mNMJL6OaAdWeW2ZF,1420115.0,sertanejo sertanejo pop sertanejo universitario,Diego & Victor Hugo,76
32vWCbZh0xZ4o9gkz4PsEU,1416339.0,classic country pop country country dawn,Dolly Parton,76
4f9iBmdUOhQWeP7dcAn1pf,1352364.0,neo soul,Rag'n'Bone Man,76
0Dvx6p8JDyzeOPGmaCIH1L,1302596.0,german hip hop,RAF Camora,76
3o2dn2O0FCVsWDFSh8qxgG,1282456.0,metal power metal swedish metal swedish power metal,Sabaton,76
2jSGzJw0ebJLu7OLVSOcBP,1260058.0,latin reggaeton trap latino tropical,Plan B,76
6Dd3NScHWwnW6obMFbl1BH,1225839.0,alt z dance pop electropop indie poptimism pop pop dance postteen pop tropical house,Daya,76
014WIDx7H4BRCHB1faiisK,1168759.0,corrido norteno ranchera regional mexican,Los Tucanes De Tijuana,76
3YCKuqpv9nCsIhJ2v8SMix,1168144.0,ccm christian music world worship worship,Elevation Worship,76
5eioJDe26lOqkAMbuhzZYs,1111942.0,deep german hip hop german hip hop hamburg hip hop,Gzuz,76
2YOYua8FpudSEiB9s88IgQ,1084290.0,meme rap minnesota hip hop pop rap,Yung Gravy,76
3ZuBEj9ppJe8GSdKaMTfMN,1072864.0,german hip hop swedish hip hop,Nimo,76
0MeLMJJcouYXCymQSHPn8g,1065339.0,ambient worship chamber pop dreamo indie cafe pop pop,Sleeping At Last,76
1cUpGtXcSQsovNYEZOQgOG,1024460.0,colombian hip hop mexican hip hop,Nanpa Básico,76
13bDjug9N0pyv3ZUINjkDV,945511.0,german hip hop german pop,Bausa,76
54R6Y0I7jGUCveDTtI21nb,939177.0,europop,Boney M.,76
2pSObt5Fk8izuX8ZfI3jRn,905922.0,contemporary country country rap redneck,Upchurch,76
6vTqEFbTtTRJsuIpzZgjxi,856031.0,pagode pagode novo,Grupo Menos É Mais,76
3AVfmawzu83sp94QW7CEGm,828399.0,alt z dance pop electropop indie cafe pop norwegian pop pop postteen pop tropical house uk pop,Astrid S,76
4ZgQDCtRqZlhLswVS6MHN4,810961.0,alt z modern alternative rock modern rock rock,grandson,76
2q3GG88dVwuQPF4FmySr9I,802641.0,modern alternative rock modern rock,The Score,76
4ETSs924pXMzjIeD6E9b4u,679349.0,bedroom soul pop,Surfaces,76
0JjPiLQNgAFaEkwoy56B1C,597741.0,funk carioca pop rap brasileiro,L7NNON,76
0vRvGUQVUjytro0xpb26bs,597529.0,pop rap rhode island rap,Arizona Zervas,76
0ZUvK7zGdXLd78mQr3t1Tw,581693.0,alt z indie pop la indie pop,Ricky Montgomery,76
3VHAySZQPlfGlNLslzXYpN,503906.0,rb en espanol rap latina,Nathy Peluso,76
6P5NO5hzJbuOqSdyPB7SJM,500366.0,alt z electropop indie pop pop postteen pop,Ashe,76
2vnB6tuQMaQpORiRdvXF9H,477513.0,bubblegrunge chicago indie indie pop,Beach Bunny,76
5g63iWaMJ2UrkZMkCC8dMi,450377.0,dark trap emo rap glitchcore melodic rap underground hip hop vapor trap,Lil Tracy,76
44mEtidu0VdRkIqO4IbkNa,387105.0,corrido corridos tumbados nuevo regional mexicano regional mexican sierreno,Marca MP,76
45gHcnDnMC15sgx3VL7ROG,262969.0,detroit trap rap southern hip hop trap,42 Dugg,76
2WBJQGf1bT1kxuoqziH5g4,241838.0,deep house house tropical house,Purple Disco Machine,76
7a0XAaPaK2aDSqa8p3QnC7,222072.0,reggaeton colombiano,Beéle,76
4VIvfOurcf0vuLRxLkGnIG,178594.0,hollywood,Bradley Cooper,76
4QrBoWLm2WNlPdbFhmlaUZ,176885.0,reggaeton reggaeton flow trap latino,KEVVO,76
03d2mJXSMtuPI0nIvLnhoS,124549.0,german pop,Zoe Wees,76
1l6d0RIxTL3JytlLGvWzYe,79023.0,hoerspiel,Benjamin Blümchen,76
2YlvvdXUqRjiXmeL2GRuZ9,70793.0,reading,Sherlock Holmes,76
12nEr6QOfSKkiTXjEp8tBB,39490.0,lofi cover slap house,Koosen,76
48QpIkzC2yRCUCvNvOVZqD,28923.0,lofi cover,Avocuddle,76
4W12lEvVl5wectUtRNrvDh,19931.0,sleep,White Noise Baby Sleep,76
1kiq2kUV0cbLUhJsr7cpW0,12390.0,norwegian pop,Alida,76
1l8Fu6IkuTP0U5QetQJ5Xt,12505767.0,dance pop electropop girl group pop postteen pop talent show,Fifth Harmony,75
5pUo3fmmHT8bhCyHE52hA6,7551725.0,dance pop pop postteen pop,Liam Payne,75
0vLuOi2k62sHujIfplInlK,6458922.0,brazilian hip hop rap df trap brasileiro,Hungria Hip Hop,75
5xd2Tg7Zo8755eCy8Gxkp8,5016543.0,latin latin arena pop latin pop mexican pop,Ha*Ash,75
2NdeV5rLm47xAvogXrYhJX,4958139.0,dance pop hip pop pop postteen pop rb urban contemporary,Ciara,75
57WHJIHrjOE3iAxpihhMnp,4860749.0,pop postteen pop,Louis Tomlinson,75
1Y8cdNmUJH7yBTd9yOvr5i,4764532.0,dance pop girl group hip pop neo soul pop rb urban contemporary,Destiny's Child,75
1JbemQ1fPt2YmSLjAFhPBv,4670177.0,latin latin pop puerto rican pop tropical,Chayanne,75
4xFUf1FHVy696Q1JQZMTRj,4522708.0,contemporary country country country dawn country road oklahoma country postteen pop,Carrie Underwood,75
2d0hyoQ5ynDBnkvAbJKORj,4176893.0,alternative metal alternative rock conscious hip hop funk metal nu metal political hip hop rap metal rap rock rock,Rage Against The Machine,75
00me4Ke1LsvMxt5kydlMyU,3734312.0,latin latin hip hop reggaeton reggaeton flow trap latino tropical,Cosculluela,75
7CUFPNi1TU8RowpnFRSsZV,3588635.0,francoton french hip hop pop urbaine rap francais,Niska,75
4boI7bJtmB1L3b1cuL75Zr,3559655.0,latin latin alternative latin pop,Mon Laferte,75
09U6hmCerKcIJrixubiBjm,3532908.0,rap baiano trap baiano trap brasileiro,Pineapple StormTv,75
7HkdQ0gt53LP4zmHsL0nap,3516095.0,dance pop pop pop rb pop rap postteen pop rb rap uk contemporary rb urban contemporary,Ella Mai,75
4STHEaNw4mPZ2tzheohgXB,3462408.0,album rock art rock beatlesque classic rock mellow gold rock soft rock,Paul McCartney,75
5BtHciL0e0zOP7prIHn3pP,3452237.0,alternative metal nu metal postgrunge,Breaking Benjamin,75
5dbaLmK5SHLLg8Z4CcTJpX,3419685.0,colombian pop latin latin pop rb en espanol reggaeton reggaeton colombiano trap latino,Greeicy,75
5Vo1hnCRmCM6M4thZCInCj,3399308.0,anime rock jpop,Official HIGE DANdism,75
6IdtcAwaNVAggwd6sCKgTI,3376388.0,latin alternative latin rock mexican rock morelos indie rock en espanol,Zoé,75
40Yq4vzPs9VNUrIBG5Jr2i,3264309.0,alternative metal alternative rock grunge permanent wave pop rock rock,The Smashing Pumpkins,75
6Ha4aES39QiVjR0L2lwuwq,3261746.0,dirty south rap gangster rap hip hop memphis hip hop pop rap rap southern hip hop tennessee hip hop trap,Yo Gotti,75
64tNsm6TnZe2zpcMVMOoHL,3243012.0,alternative metal alternative rock grunge hard rock nu metal rock,Alice In Chains,75
2WX2uTcsvV5OnS0inACecP,3239060.0,indie cafe pop pop pop rock,Birdy,75
0cc6vw3VN8YlIcvr1v7tBL,3195837.0,glam metal hard rock metal rock sleaze rock,Mötley Crüe,75
5gOJTI4TusSENizxhcG7jB,3149237.0,latin latin arena pop latin pop spanish pop spanish pop rock tropical,David Bisbal,75
1oSgjdbgLYULVmEBojPRw8,3082871.0,sertanejo sertanejo pop sertanejo universitario,Fernando & Sorocaba,75
7H55rcKCfwqkyDFH9wpKM6,2946853.0,dance pop indie cafe pop neo mellow pop pop rock postteen pop viral pop,Christina Perri,75
74cb3MG0x0BOnYNW1uXYnM,2938395.0,ccm christian alternative rock christian music world worship worship,Hillsong UNITED,75
70BYFdaZbEKbeauJ670ysI,2935387.0,alternative metal nu metal postgrunge,Shinedown,75
3XHO7cRUPCLOr6jwp8vsx5,2802338.0,indie rock modern rock,alt-J,75
7CQwac16i1W5ej8YpuL3dv,2702026.0,neo mellow pop rock viral pop,Boyce Avenue,75
66lH4jAE7pqPlOlzUKbwA0,2694942.0,contemporary country country country dawn country road,Miranda Lambert,75
03Yb3iBy9GCifXiATEFcit,2665458.0,latin talent show mariachi ranchera,Pepe Aguilar,75
1hcdI2N1023RvSwLzTtdsp,2653846.0,latin latin alternative latin pop mexican pop rock en espanol veracruz indie,Natalia Lafourcade,75
3yY2gUcIsjMr8hjo51PoJ8,2598906.0,madchester new wave permanent wave rock uk postpunk,The Smiths,75
3gGUMEwIX6XodWsYEvKSal,2507994.0,alabama rap pop rap rap trap vapor trap viral rap,YBN Nahmir,75
4F84IBURUo98rz4r61KF70,2412037.0,alternative rock blues rock detroit rock garage rock indie rock modern blues rock modern rock permanent wave punk blues rock,The White Stripes,75
7KMqksf0UMdyA0UCf4R3ux,2383831.0,neo mellow pop pop rock,James Blunt,75
1zuJe6b1roixEKMOtyrEak,2377393.0,disco new wave pop soft rock,Tina Turner,75
6Wr3hh341P84m3EI8qdn9O,2321947.0,chicago hardcore chicago punk hardcore punk pop punk punk,Rise Against,75
0ZHPrnImGh4re3TbSNkoZl,2280640.0,spanish hip hop spanish pop,Beret,75
5c4wQaXkNDqSOTjqX4ExAu,2271320.0,banda corrido mariachi ranchera regional mexican,Jenni Rivera,75
0EeQBlQJFiAfJeVN2vT9s0,2216670.0,conscious hip hop gangster rap hip hop pop rap rap southern hip hop trap,Nipsey Hussle,75
2HcwFjNelS49kFbfvMxQYw,2168068.0,dance pop dance rock europop pop,Robbie Williams,75
1vppDmG3i5sXf3DJzrK4T1,2158671.0,pagode,Thiaguinho,75
0Ty63ceoRnnJKVEYP0VQpk,2147662.0,permanent wave soft rock sophistipop,Sting,75
3nlpTZci9O5W8RsNoNH559,2101869.0,bachata latin latin pop salsa choke tropical,Juan Luis Guerra 4.40,75
6aZyMrc4doVtZyKNilOmwu,2083855.0,dance pop neo mellow pop pop rock postteen pop viral pop,Colbie Caillat,75
6S0dmVVn4udvppDhZIWxCr,2079489.0,dance pop miami hip hop pop postteen pop urban contemporary,Sean Kingston,75
1vqR17Iv8VFdzure1TAXEq,2020530.0,argentine hip hop trap argentino trap triste,Lit Killah,75
3hBQ4zniNdQf1cqqo6hzuW,1998125.0,italian hip hop italian pop italian underground hip hop rap sardegna,Salmo,75
0CEFCo8288kQU7mJi25s6E,1949484.0,alternative metal modern rock nu metal pop punk rap metal rap rock,Hollywood Undead,75
6MF9fzBmfXghAz953czmBC,1912753.0,dance pop edm pop pop rap,Taio Cruz,75
0EdvGhlC1FkGItLOWQzG4J,1909225.0,reggae fusion ska mexicano ska punk,Sublime,75
4yBK75WVCQXej1p04GWqxH,1810953.0,atl hip hop crunk dirty south rap gangster rap hip hop pop rap rap southern hip hop trap,Jeezy,75
3YbOSxo85kla7RID8ugnW3,1806605.0,grupera ranchera regional mexican,Los Temerarios,75
2txHhyCwHjUEpJjWrEyqyX,1725537.0,neo mellow pop,Tom Odell,75
1l2ekx5skC4gJH8djERwh1,1725294.0,dance pop edm electro house future house house pop dance pop edm progressive electro house progressive house tropical house,Don Diablo,75
2CmaKO2zEGJ1NWpS1yfVGz,1697510.0,metalcore modern rock pop punk rap metal rock,Falling In Reverse,75
6IE6z7DcZIT4Ml3Fh5Ivch,1664425.0,latin pop mexican pop tejano,Selena,75
7gJN8W0589FisSYJS17K54,1618766.0,funk carioca pop rap brasileiro,Filipe Ret,75
0VZrPa7mWAYXH4CwmYk8Km,1597913.0,trap latino trap triste urbano espanol,Kidd Keo,75
1ackd5XprZEkH3McKbQD51,1564287.0,dance pop electro latino latin latin pop reggaeton spanish pop trap latino tropical,Juan Magán,75
6uothxMWeLWIhsGeF7cyo4,1502977.0,celtic middle earth,Enya,75
5Zq7R5qmi58ByYyBQTlNuk,1492956.0,contemporary country country country road modern country rock,Lee Brice,75
2jzc5TC5TVFLXQlBNiIUzE,1484796.0,new romantic new wave new wave pop permanent wave soft rock synthpop,a-ha,75
1hzfo8twXdOegF3xireCYs,1480243.0,german pop,Milky Chance,75
5xkAtLTf309LAGZTbvULBn,1462639.0,alt z australian alternative pop electropop indie cafe pop pop postteen pop,Ruel,75
77tT1kLj6mCWtFNqiOmP9H,1458956.0,album rock classic rock mellow gold rock soft rock yacht rock,Daryl Hall & John Oates,75
7eLcDZDYHXZCebtQmVFL25,1426272.0,latin pop latin talent show spanish pop,Aitana,75
68KmkJeZGfwe1OUaivBa2L,1417452.0,kpop kpop boy group,ATEEZ,75
2SHhfs4BiDxGQ3oxqf0UHY,1412267.0,europop new wave pop pop rock soft rock swedish pop,Roxette,75
5W5bDNCqJ1jbCgTxDD0Cb3,1370548.0,classic country pop country country rock nashville sound outlaw country singersongwriter texas country,Willie Nelson,75
4QVBYiagIaa6ZGSPMbybpy,1325189.0,latin latin pop puerto rican pop,Pedro Capó,75
0bdfiayQAKewqEvaU6rXCv,1324869.0,dance pop danish pop electropop indie poptimism pop tropical house,MØ,75
7jdFEYD2LTYjfwxOdlVjmc,1215351.0,icelandic indie icelandic rock modern alternative rock,KALEO,75
5QdEbQJ3ylBnc3gsIASAT5,1157231.0,chicago drill chicago rap drill rap southern hip hop trap vapor trap,G Herbo,75
204IwDdaHE4ymGk9Kya2pY,1092976.0,afrofuturismo brasileiro rap mineiro,Djonga,75
3rWZHrfrsPBxVy692yAIxF,1083194.0,afrofuturism dance pop electropop pop postteen pop,WILLOW,75
5MspMQqdVbdwP6ax3GXqum,1004303.0,europop folk mellow gold new wave pop pop rock soft rock,Annie Lennox,75
1KP6TWI40m7p3QBTU6u2xo,992179.0,electropop modern alternative rock modern rock pop,BØRNS,75
3dRfiJ2650SZu6GbydcHNb,990703.0,soundtrack,John Williams,75
70kkdajctXSbqSMJbQO424,939162.0,contemporary country country dawn pop postteen pop texas country,Kacey Musgraves,75
5nki7yRhxgM509M5ADlN1p,908278.0,dance pop edm electro house future house house pop dance progressive electro house progressive house tropical house,Oliver Heldens,75
2pAWfrd7WFF3XhVt9GooDL,898276.0,alternative hip hop east coast hip hop hip hop,MF DOOM,75
2y246nnP9pQT0E6v3ZMMOO,882958.0,canadian hip hop dark trap emo rap ottawa rap underground hip hop,Night Lovell,75
5lYeiQxUTcGKVgAuTqbTeL,854395.0,latin hip hop mexican hip hop rap conciencia,Charles Ans,75
6ltzsmQQbmdoHHbLZ4ZN25,829084.0,indie folk indie pop stomp and holler,Lord Huron,75
3ycxRkcZ67ALN3GQJ57Vig,809882.0,alternative rb indie soul,Masego,75
58oPVy7oihAEXE0Ott6JOf,799545.0,anime anime rock,Eve,75
3DCWeG2J1fZeu0Oe6i5Q6m,767726.0,french hip hop pop urbaine rap conscient rap francais,PLK,75
4nXOZlYoAD67hF9aUEncMY,763050.0,dark trap emo rap miami hip hop underground hip hop,Pouya,75
4frBEXn8nhWzOVwfCSpuYB,710885.0,pop argentino rkt,Fer Palacio,75
6U1dBXJhC8gXFjamvFTmHg,710856.0,dance pop hollywood pop postteen pop show tunes,Zac Efron,75
5v2WhpA59TJSdPh7LCx1lN,700748.0,dark trap emo rap underground hip hop,BONES,75
6U3ybJ9UHNKEdsH7ktGBZ7,652253.0,hip hop rap underground hip hop,JID,75
6QrQ7OrISRYIfS5mtacaw2,629086.0,alt z indie cafe pop indie poptimism modern rock pop,Jaymes Young,75
4kYGAK2zu9EAomwj3hXkXy,626541.0,indie cafe pop neo mellow pop pop rock tropical house uk pop,JP Cooper,75
0Cp8WN4V8Tu4QJQwCN5Md4,608405.0,alt z nz pop pop,BENEE,75
1OAjDaKgg00KCUYqDe68un,533670.0,eurodance europop italo dance,Gigi D'Agostino,75
5VadK1havLhK1OpKYsXv9y,434471.0,uk hip hop,D-Block Europe,75
6t1gpxYbY8OlLA7D2RiikQ,426085.0,dance pop edm electro house house pop pop dance pop edm tropical house,Loud Luxury,75
3Wb38LDP3N4tkobValgE9D,423455.0,reggaeton reggaeton flow trap latino,Juanka,75
7A8S43ryYdbWpJKeHRZRcq,410231.0,rap trap,JACKBOYS,75
2rWCIhENZyPVDAeFC0ESWN,409633.0,emo rap meme rap pop rap sad rap,Josh A,75
75i9GaW2MJUgt4BkdUnuUY,375545.0,funk carioca funk ostentacao funk paulista,MC Ryan SP,75
0WK3H9OErSn5zKOkOV5egm,363986.0,trap viral rap,DDG,75
1WXbiUMl1AT9Inb619xPUg,346388.0,rap baixada fluminense trap carioca,BIN,75
73Np75Wv2tju61Eo9Zw4IR,342578.0,hollywood show tunes,Idina Menzel,75
1tG7s7S4sq2eFFW0QZyLbm,337719.0,brooklyn drill new york drill nyc rap,Sheff G,75
1LIuN7ov1IBQDdLsU83ojl,334962.0,sertanejo pop,Hugo & Guilherme,75
1eMmoIprPDWeFdB1FxU6ZV,319800.0,alt z deep pop edm electropop indie poptimism pop,Au/Ra,75
6UCQYrcJ6wab6gnQ89OJFh,294164.0,uk hip hop,Headie One,75
20DZAfCuP1TKZl5KcY7z3Q,269127.0,dubstep edm electro house electronic trap pop dance pop edm,SLANDER,75
6EPlBSH2RSiettczlz7ihV,247894.0,brooklyn drill nyc rap,Sleepy Hallow,75
7aBzpmFXB4WWpPl2F7RjBe,240876.0,rap kreyol,Wyclef Jean,75
5iNrZmtVMtYev5M9yoWpEq,208044.0,dance pop edm electro house norwegian pop pop pop dance pop edm swedish pop tropical house,Seeb,75
4o0NtnL2m0lzZmEdRas1qv,165767.0,corridos tumbados nuevo regional mexicano trap latino,Ovi,75
6m6e7D2TnV0aYMllFFwMxu,160928.0,sertanejo pop,Guilherme & Benuto,75
3Apb2lGmGJaBmr0TTBJvIZ,141817.0,trap argentino trap triste,Rusherking,75
11YLRSsZA3YVuQQtHXKTlz,120704.0,reggaeton reggaeton flow trap latino,Rafa Pabön,75
2zWqENF4cnsd1nLmraG9IE,119652.0,funk carioca,DJ Lucas Beat,75
0ksX396B3t2Gt8kwr0BJZk,118387.0,uk drill,Fumez The Engineer,75
5gqmbbfjcikQBzPB5Hv13I,87018.0,drill francais french hip hop pop urbaine rap francais,Gazo,75
1GKIlPFdcewHtpDVCQ8zmJ,84876.0,reggaeton flow trap latino,Brray,75
0KKUc4amZyvswV2YL6WTar,84704.0,latin pop perreo rap latina trap latino,Mariah Angeliq,75
5fyDppLDl1juIu1BcUT5zh,59080.0,uk dance,Digital Farm Animals,75
7kXCcNRLEnblbTAppPraBp,13885.0,reggaeton reggaeton flow trap latino,Milly,75
5k3Cw8TfLQt40L5dbqxJKD,10324.0,lofi cover,Formal Chicken,75
2c5WYCqQGs0UttiLCzVfOe,1261.0,background music,Erik Eriksson,75
0y59o4v8uw5crbN9M3JiL1,12170185.0,desi hip hop desi pop desi trap filmi haryanvi pop modern bollywood,Badshah,74
3wyVrVrFCkukjdVIdirGVY,7632399.0,emo rap miami hip hop rap trap,Lil Pump,74
6uYrXgVHctAJtIdSODcyLJ,4505289.0,mpb nova mpb pop nacional,Melim,74
3r17AfJCCUqC9Lf0OAc73G,4386273.0,dance pop pop postteen pop urban contemporary,Fergie,74
6wPhSqRtPu1UhRCDX5yaDJ,4223696.0,dance pop girl group pop pop rap postteen pop urban contemporary,The Pussycat Dolls,74
4x1nvY2FN8jxqAFA0DA02H,4085371.0,album rock art rock beatlesque classic rock folk rock mellow gold rock,John Lennon,74
5ZfBThYiIIhL7jHMG8gDB2,3966811.0,pagode,Ferrugem,74
67ea9eGLXYMsO2eYQRui3w,3907800.0,album rock art rock blues rock british invasion classic rock folk rock hard rock mellow gold rock roots rock,The Who,74
2oSONSC9zQ4UonDKnLqksx,3829676.0,classic pakistani pop desi pop filmi modern bollywood sufi,Atif Aslam,74
4uoz4FUMvpeyGClFTTDBsD,3647606.0,latin latin pop tropical,Ricardo Montaner,74
5xYNmNkaWRqu3e5F4UXME8,3315445.0,banda corrido deep regional mexican nuevo regional mexicano regional mexican,Alfredo Olivas,74
0zOcE3mg9nS6l3yxt1Y0bK,3287667.0,neo mellow piano rock pop pop rock,The Fray,74
23wEWD21D4TPYiJugoXmYb,3270257.0,dance pop latin latin pop mexican pop,Thalia,74
32WkQRZEVKSzVAAYqukAEA,3234709.0,contemporary country country country dawn country pop country road,Lady A,74
2VYQTNDsvvKN9wmU5W7xpj,3226374.0,alternative metal industrial industrial metal industrial rock nu metal wrestling,Marilyn Manson,74
6tzRZ39aZlNqlUzQlkuhDV,3198108.0,dance pop funk carioca funk pop pop pop lgbtq brasileira pop nacional,Pabllo Vittar,74
2RTUTCvo6onsAnheUk3aL9,3178374.0,alternative metal nu metal pop rock postgrunge,3 Doors Down,74
1wGIhYkKWSq4yACtTkCkSX,3058012.0,rap conciencia venezuelan hip hop,Canserbero,74
0qT79UgT5tY4yudH9VfsdT,3035408.0,alternative metal canadian pop punk canadian punk nu metal pop punk punk,Sum 41,74
6sCbFbEjbYepqswM1vWjjs,2914467.0,dance pop pop postteen pop,Zendaya,74
3gBKY0y3dFFVRqicLnVZYz,2856679.0,classic bollywood desi pop filmi modern bollywood sufi,Alka Yagnik,74
0a1gHP0HAqALbEyxaD5Ngn,2749395.0,contemporary country country country road pop rock,Rascal Flatts,74
7qjJw7ZM2ekDSahLXPjIlN,2722447.0,filmi tamil pop,Sid Sriram,74
1XkoF8ryArs86LZvFOkbyr,2648699.0,dance pop hip pop neo soul rb urban contemporary,Mary J. Blige,74
6KZDXtSj0SzGOV705nNeh3,2636531.0,dance pop hip hop pop rap rap southern hip hop trap,Kid Ink,74
1Db5GsIoVWYktPoD2nnPZZ,2582565.0,latin latin arena pop latin pop mexican pop ranchera,Gloria Trevi,74
1EXjXQpDx2pROygh8zvHs4,2524007.0,spanish pop spanish pop rock,Melendi,74
7vXDAI8JwjW531ouMGbfcp,2521220.0,latin pop pop argentino,TINI,74
7x8nK0m0cP2ksQf0mjWdPS,2482707.0,contemporary country country country road modern country rock,Dierks Bentley,74
0XK6kT7xcZAlcYrNjOgzJe,2463650.0,mexican pop,Carla Morrison,74
6B5c4sch27tWHAGdarpPaW,2398889.0,alternative metal nu metal postgrunge south african rock,Seether,74
1EowJ1WwkMzkCkRomFhui7,2346815.0,jpop jpoprock jrock japanese emo visual kei,RADWIMPS,74
6AUl0ykLLpvTktob97x9hO,2333302.0,detroit hip hop detroit trap hip hop pop rap rap southern hip hop trap,Tee Grizzley,74
29SeiO68HQHBs7pDdWOvvX,2290471.0,latin christian rock cristiano,Jesús Adrián Romero,74
2elBjNSdBE2Y3f0j1mjrql,2264501.0,cpop mandopop taiwan pop zhongguo feng,Jay Chou,74
19eLuQmk9aCobbVDHc6eek,2256652.0,adult standards dixieland harlem renaissance jazz trumpet new orleans jazz soul swing vocal jazz,Louis Armstrong,74
4U7lXyKdSf1JbM1aXvsodC,2246961.0,latin latin arena pop latin pop mexican pop spanish pop spanish pop rock,La Oreja de Van Gogh,74
5e4Dhzv426EvQe3aDb64jL,2208580.0,canadian country canadian pop country country dawn dance pop,Shania Twain,74
6v8FB84lnmJs434UJf2Mrm,2178541.0,album rock canadian singersongwriter classic canadian rock classic rock mellow gold permanent wave psychedelic rock rock roots rock singersongwriter,Neil Young,74
3RGLhK1IP9jnYFH4BRFJBS,2090889.0,classic rock permanent wave punk rock,The Clash,74
3gMaNLQm7D9MornNILzdSl,2086153.0,adult standards disco mellow gold motown quiet storm soft rock,Lionel Richie,74
5rkVyNGXEgeUqKkB5ccK83,2078731.0,dance pop hip hop hip pop pop rb urban contemporary,Ashanti,74
07QEuhtrNmmZ0zEcqE9SF6,2078223.0,indietronica modern rock pop pop rock postteen pop,Owl City,74
2yEwvVSSSUkcLeSTNyHKh8,1986223.0,alternative metal alternative rock art rock nu metal progressive metal progressive rock rock,TOOL,74
6GI52t8N5F02MxU0g5U69P,1972859.0,blues rock classic rock mexican classic rock rock,Santana,74
0ONHkAv9pCAFxb0zJwDNTy,1970717.0,alternative hip hop gangster rap hip hop pop rap rap southern hip hop trap underground hip hop virginia hip hop,Pusha T,74
4bthk9UfsYUYdcFyqxmSUU,1955005.0,new romantic new wave new wave pop permanent wave rock soft rock sophistipop synthpop,Tears For Fears,74
1aw0Cdl1DIrtUrUA6fGbAR,1950861.0,argentine reggae argentine rock latin alternative rock en espanol,Dread Mar I,74
3QVolfxko2UyCOtexhVTli,1913639.0,belgian pop variete francaise,Angèle,74
6xlRSRMLgZbsSNd0BMobwy,1876818.0,brazilian edm funk carioca funk das antigas,DENNIS,74
5schNIzWdI9gJ1QRK8SBnc,1872642.0,british singersongwriter folkpop indie folk neo mellow stomp and holler,Ben Howard,74
108moq3rq6bm1M4Ypz0J02,1859948.0,corrido latin latin pop norteno ranchera regional mexican tejano,Intocable,74
2KC9Qb60EaY0kW4eH68vr3,1844093.0,kpop girl group,ITZY,74
4ufh0WuMZh6y4Dmdnklvdl,1835502.0,kpop,BAEKHYUN,74
34nbQa7Hug9DYkRJpfKNFv,1827493.0,corrido corridos tumbados norteno nuevo regional mexicano regional mexican sierreno,T3R Elemento,74
0XKOBt59crntr7HQXXO8Yz,1815401.0,contemporary country country country road country rock,Brooks & Dunn,74
16kOCiqZ1auY4sokSeZuKf,1808745.0,grupera gruperas inmortales regional mexican,Los Bukis,74
6mU8ucezzms5I2kNH6HNlu,1804173.0,dance pop pop postteen pop uk pop viral pop,Conor Maynard,74
0L5fC7Ogm2YwgqVCRcF1bT,1799765.0,alternative metal danish metal danish rock,Volbeat,74
2QOIawHpSlOwXDvSqQ9YJR,1754909.0,baroque classical early music italian baroque,Antonio Vivaldi,74
4upwdFMlZBmQ68jP9jPzjK,1708353.0,italian hip hop,Gemitaiz,74
40LHVA5BTQp9RxHOQ9JPYj,1653742.0,ccm christian alternative rock christian music worship,Lauren Daigle,74
2wX6xSig4Rig5kZU6ePlWe,1464771.0,big room edm electro house indian edm pop dance pop edm slap house tropical house,KSHMR,74
6L34dW6SKMSDaGIfYDU19j,1454152.0,francoton french hip hop pop urbaine rap francais,Maes,74
2Tglaf8nvDzwSQnpSrjLHP,1414655.0,bedroom pop dream pop,Cuco,74
2QWIScpFDNxmS6ZEMIUvgm,1345625.0,latin latin alternative latin pop latin rock rock en espanol,Julieta Venegas,74
2cy1zPcrFcXAJTP0APWewL,1345528.0,cubaton latin latin hip hop latin pop tropical,Gente De Zona,74
0HthCchcL0kVLHTr113Vk1,1336448.0,alt z bedroom pop electropop indie pop pop,mxmtoon,74
4MXUO7sVCaFgFjoTI5ox5c,1302245.0,baroque pop chamber pop freak folk indie folk singersongwriter,Sufjan Stevens,74
21mKp7DqtSNHhCAU2ugvUw,1292292.0,chillwave ninja tropical house,ODESZA,74
3rfM2cGqF6DB0kUyytMkXx,1271671.0,brazilian hip hop funk carioca,Orochi,74
4RVnAU35WRWra6OZ3CbbMA,1255706.0,australian dance australian pop dance pop electropop eurodance europop new wave pop pop,Kylie Minogue,74
4MoAOfV4ROWofLG3a3hhBN,1209521.0,contemporary country country country road modern country rock,Jon Pardi,74
50JJSqHUf2RQ9xsHs0KMHg,1199114.0,pop rap,Jon Bellion,74
1J2VVASYAamtQ3Bt8wGgA6,1194484.0,dance pop east coast hip hop gangster rap hip hop hip pop pop rap queens hip hop rap urban contemporary,Ja Rule,74
6TLwD7HPWuiOzvXEa3oCNe,1192597.0,alternative hip hop,Oliver Tree,74
2cWZOOzeOm4WmBJRnD5R7I,1168210.0,dance pop pop postteen pop rb,Normani,74
7nDsS0l5ZAzMedVRKPP8F1,1120869.0,dance pop indie cafe pop pop pop dance postteen pop talent show tropical house uk pop,Ella Henderson,74
26T4yOaOoFJvUvxR87Y9HO,1108736.0,ambient worship ccm christian music deep ccm world worship worship,Bethel Music,74
3JSSjGYcIkgsrz7892CelT,1079580.0,chihuahua indie indie triste mexican indie,Ed Maverick,74
4Ui2kfOqGujY81UcPrb5KE,1071579.0,dance pop indie pop metropopolis pop rock,HAIM,74
67hb7towEyKvt5Z8Bx306c,1050243.0,alternative dance australian dance australian electropop dance rock electropop indietronica neosynthpop new rave,Empire of the Sun,74
28ExwzUQsvgJooOI0X1mr3,1031361.0,conscious hip hop gangster rap hip hop pop rap rap southern hip hop trap underground hip hop,Jay Rock,74
0lAWpj5szCSwM4rUMHYmrr,933568.0,indie rock italiano italian adult pop italian pop,Måneskin,74
3KedxarmBCyFBevnqQHy3P,929764.0,alt z canadian contemporary rb canadian pop dance pop pop postteen pop rb,Jessie Reyez,74
0B3N0ZINFWvizfa8bKiz4v,874836.0,indie cafe pop neo mellow pop pop rock postteen pop uk pop viral pop,James TW,74
1uiEZYehlNivdK3iQyAbye,854875.0,indie soul jazz pop,Tom Misch,74
6qgnBH6iDM91ipVXv28OMu,831656.0,escape room indie soul lgbtq hip hop,KAYTRANADA,74
3pc0bOVB5whxmD50W79wwO,788995.0,chill rb pop,keshi,74
0Y4inQK6OespitzD6ijMwb,711135.0,alternative hip hop hip hop indiana hip hop rap southern hip hop trap underground hip hop,Freddie Gibbs,74
6Y64EaNqpqcZYTgs4c76gF,693493.0,social media pop,jxdn,74
18ISxWwWjV6rPLoVCXf1dz,671829.0,german cloud rap german hip hop,RIN,74
4puAp107dCehraE47QXVQX,641088.0,trap argentino trap latino trap triste,C.R.O,74
2PJEagPIxaBugeMjIyKVXF,640350.0,manchester hip hop,Aitch,74
4iMO20EPodreIaEl8qW66y,632176.0,bedroom pop modern rock oakland indie pop,Still Woozy,74
